gene	transcript	hgvs_c	classification	PhastCons100way	PhyloP100way	REVEL	SpliceAI_masked	FAF95_grpmax	CADD_phred	AlphaMissense_pred	ClinVar_sig	chr_grch37	pos_grch37	ref	alt	vv_status	source
DLST	NM_001933.5	c.98-15T>C	Benign ClinVar(1-star, criteria provided)								Benign	14	75352274			clinvar_assertion	clinvar
DLST	NM_001933.5	c.485C>T	Benign ClinVar(1-star, criteria provided)								Benign	14	75359579			clinvar_assertion	clinvar
DLST	NM_001933.5	c.673-11C>T	Likely_benign ClinVar(1-star, criteria provided)								Likely benign	14	75361004			clinvar_assertion	clinvar
DLST	NM_001933.5	c.752T>A	Benign ClinVar(1-star, criteria provided)								Benign	14	75361094			clinvar_assertion	clinvar
DLST	NM_001933.5	c.771-10A>G	Benign ClinVar(1-star, criteria provided)								Benign	14	75365062			clinvar_assertion	clinvar
DLST	NM_001933.5	c.145G>A	Likely_benign ClinVar(1-star, criteria provided)								Likely benign	14	75352336			clinvar_assertion	clinvar
DLST	NM_001933.5	c.611C>T	Benign ClinVar(2-star, criteria provided)								Benign	14	75360066			clinvar_assertion	clinvar
DLST	NM_001933.5	c.771-13A>G	Benign ClinVar(1-star, criteria provided)								Benign	14	75365059			clinvar_assertion	clinvar
DLST	NM_001933.5	c.331-15G>A	Likely_benign ClinVar(1-star, criteria provided)								Likely benign	14	75357744			clinvar_assertion	clinvar
DLST	NM_001933.5	c.1060-12A>C	Likely_benign ClinVar(1-star, criteria provided)								Likely benign	14	75367757			clinvar_assertion	clinvar
DLST	NM_001933.5	c.148A>T	Benign ClinVar(1-star, criteria provided)								Benign	14	75355799			clinvar_assertion	clinvar
DLST	NM_001933.5	c.976-6C>T	Likely_benign ClinVar(1-star, criteria provided)								Likely benign	14	75366986			clinvar_assertion	clinvar
