gene	transcript	hgvs_c	classification	chr_grch37	pos_grch37	ref	alt	PhastCons100way	PhyloP100way	REVEL	SpliceAI_masked	FAF95_grpmax	CADD_phred	AlphaMissense_pred	ClinVar_sig	vv_status	review_reason
ANKRD26	NM_014915.2	c.1815-1G>T	Benign synonymous, SpliceAI<=0.1, PhastCons<1.0, PhyloP<0.1, intronic_ROI(-1)	10	27335453	C	A	0.0	0.054	.;.;.			18.12	.;.;.		ok	SpliceAI masked is zero at canonical splice sites by design; Benign call is filter artifact, not evidence of safety
ANKRD26	NM_014915.2	c.1815-1G>C	Benign synonymous, SpliceAI<=0.1, PhastCons<1.0, PhyloP<0.1, intronic_ROI(-1)	10	27335453	C	G	0.0	0.054	.;.;.			16.85	.;.;.		ok	SpliceAI masked is zero at canonical splice sites by design; Benign call is filter artifact, not evidence of safety
ANKRD26	NM_014915.2	c.1815-1G>A	Benign synonymous, SpliceAI<=0.1, PhastCons<1.0, PhyloP<0.1, intronic_ROI(-1)	10	27335453	C	T	0.0	0.054	.;.;.			17.18	.;.;.		ok	SpliceAI masked is zero at canonical splice sites by design; Benign call is filter artifact, not evidence of safety
ANKRD26	NM_014915.2	c.1565-1G>T	Benign synonymous, SpliceAI<=0.1, PhastCons<1.0, PhyloP<0.1, intronic_ROI(-1)	10	27342320	C	A	0.011	-0.007	.;.;.;.;.;.;.;.			21.3	.;.;.;.;.;.;.;.		ok	SpliceAI masked is zero at canonical splice sites by design; Benign call is filter artifact, not evidence of safety
ANKRD26	NM_014915.2	c.1565-1G>C	Benign synonymous, SpliceAI<=0.1, PhastCons<1.0, PhyloP<0.1, intronic_ROI(-1)	10	27342320	C	G	0.011	-0.007	.;.;.;.;.;.;.;.			19.7	.;.;.;.;.;.;.;.		ok	SpliceAI masked is zero at canonical splice sites by design; Benign call is filter artifact, not evidence of safety
ANKRD26	NM_014915.2	c.1565-1G>A	Benign synonymous, SpliceAI<=0.1, PhastCons<1.0, PhyloP<0.1, intronic_ROI(-1)	10	27342320	C	T	0.011	-0.007	.;.;.;.;.;.;.;.			18.91	.;.;.;.;.;.;.;.		ok	SpliceAI masked is zero at canonical splice sites by design; Benign call is filter artifact, not evidence of safety
ANKRD26	NM_014915.2	c.875-2A>T	Benign synonymous, SpliceAI<=0.1, PhastCons<1.0, PhyloP<0.1, intronic_ROI(-2)	10	27366471	T	A	0.0	-0.158	.;.;.;.;.;.;.;.;.			19.73	.;.;.;.;.;.;.;.;.		ok	SpliceAI masked is zero at canonical splice sites by design; Benign call is filter artifact, not evidence of safety
ANKRD26	NM_014915.2	c.875-2A>G	Benign synonymous, SpliceAI<=0.1, PhastCons<1.0, PhyloP<0.1, intronic_ROI(-2)	10	27366471	T	C	0.0	-0.158	.;.;.;.;.;.;.;.;.			19.86	.;.;.;.;.;.;.;.;.		ok	SpliceAI masked is zero at canonical splice sites by design; Benign call is filter artifact, not evidence of safety
ANKRD26	NM_014915.2	c.875-2A>C	Benign synonymous, SpliceAI<=0.1, PhastCons<1.0, PhyloP<0.1, intronic_ROI(-2)	10	27366471	T	G	0.0	-0.158	.;.;.;.;.;.;.;.;.			19.27	.;.;.;.;.;.;.;.;.		ok	SpliceAI masked is zero at canonical splice sites by design; Benign call is filter artifact, not evidence of safety
AP2S1	NM_004069.5	c.4-2A>T	Benign synonymous, SpliceAI<=0.1, PhastCons<1.0, PhyloP<0.1, intronic_ROI(-2)	19	47342879	T	A	0.0	-1.997	.;.			1.296	.;.		flagged:intergenic	SpliceAI masked is zero at canonical splice sites by design; Benign call is filter artifact, not evidence of safety
AP2S1	NM_004069.5	c.4-2A>G	Benign synonymous, SpliceAI<=0.1, PhastCons<1.0, PhyloP<0.1, intronic_ROI(-2)	19	47342879	T	C	0.0	-1.997	.;.		7.90000e-07	1.513	.;.		flagged:intergenic	SpliceAI masked is zero at canonical splice sites by design; Benign call is filter artifact, not evidence of safety
AP2S1	NM_004069.5	c.4-2A>C	Benign synonymous, SpliceAI<=0.1, PhastCons<1.0, PhyloP<0.1, intronic_ROI(-2)	19	47342879	T	G	0.0	-1.997	.;.			1.33	.;.		flagged:intergenic	SpliceAI masked is zero at canonical splice sites by design; Benign call is filter artifact, not evidence of safety
AP2S1	NM_004069.5	c.270+2T>G	Benign synonymous, SpliceAI<=0.1, PhastCons<1.0, PhyloP<0.1, intronic_ROI(+2)	19	47347407	A	C	0.019	-0.577				1.742			flagged:intergenic	SpliceAI masked is zero at canonical splice sites by design; Benign call is filter artifact, not evidence of safety
AP2S1	NM_004069.5	c.270+2T>C	Benign synonymous, SpliceAI<=0.1, PhastCons<1.0, PhyloP<0.1, intronic_ROI(+2)	19	47347407	A	G	0.019	-0.577			3.76500e-05	1.856			flagged:intergenic	SpliceAI masked is zero at canonical splice sites by design; Benign call is filter artifact, not evidence of safety
AP2S1	NM_004069.5	c.270+2T>A	Benign synonymous, SpliceAI<=0.1, PhastCons<1.0, PhyloP<0.1, intronic_ROI(+2)	19	47347407	A	T	0.019	-0.577				1.624			flagged:intergenic	SpliceAI masked is zero at canonical splice sites by design; Benign call is filter artifact, not evidence of safety
AP2S1	NM_004069.5	c.51+2T>G	Benign synonymous, SpliceAI<=0.1, PhastCons<1.0, PhyloP<0.1, intronic_ROI(+2)	19	47353389	A	C	0.001	-0.033				5.146			flagged:intergenic	SpliceAI masked is zero at canonical splice sites by design; Benign call is filter artifact, not evidence of safety
AP2S1	NM_004069.5	c.51+2T>C	Benign synonymous, SpliceAI<=0.1, PhastCons<1.0, PhyloP<0.1, intronic_ROI(+2)	19	47353389	A	G	0.001	-0.033				5.412			flagged:intergenic	SpliceAI masked is zero at canonical splice sites by design; Benign call is filter artifact, not evidence of safety
AP2S1	NM_004069.5	c.51+2T>A	Benign synonymous, SpliceAI<=0.1, PhastCons<1.0, PhyloP<0.1, intronic_ROI(+2)	19	47353389	A	T	0.001	-0.033				4.999			flagged:intergenic	SpliceAI masked is zero at canonical splice sites by design; Benign call is filter artifact, not evidence of safety
BRCA1	NM_007294.4	c.442-1G>T	Benign synonymous, SpliceAI<=0.1, PhastCons<1.0, PhyloP<0.1, intronic_ROI(-1)	17	41251898	C	A	0.97	-0.276	.;.;.;.;.;.;.;.;.;.;.;.;.;.;.;.;.;.;.;.;.;.;.		1.32800e-05	20.7	.;.;.;.;.;.;.;.;.;.;.;.;.;.;.;.;.;.;.;.;.;.;.	Uncertain_significance	ok	SpliceAI masked is zero at canonical splice sites by design; Benign call is filter artifact, not evidence of safety
BRCA1	NM_007294.4	c.442-1G>C	Benign synonymous, SpliceAI<=0.1, PhastCons<1.0, PhyloP<0.1, intronic_ROI(-1)	17	41251898	C	G	0.97	-0.276	.;.;.;.;.;.;.;.;.;.;.;.;.;.;.;.;.;.;.;.;.;.;.			20.5	.;.;.;.;.;.;.;.;.;.;.;.;.;.;.;.;.;.;.;.;.;.;.		ok	SpliceAI masked is zero at canonical splice sites by design; Benign call is filter artifact, not evidence of safety
BRCA1	NM_007294.4	c.442-1G>A	Benign synonymous, SpliceAI<=0.1, PhastCons<1.0, PhyloP<0.1, intronic_ROI(-1)	17	41251898	C	T	0.97	-0.276	.;.;.;.;.;.;.;.;.;.;.;.;.;.;.;.;.;.;.;.;.;.;.			20.9	.;.;.;.;.;.;.;.;.;.;.;.;.;.;.;.;.;.;.;.;.;.;.	Uncertain_significance	ok	SpliceAI masked is zero at canonical splice sites by design; Benign call is filter artifact, not evidence of safety
CASR	NM_001178065.2	c.1609-2A>C	Benign synonymous, SpliceAI<=0.1, PhastCons<1.0, PhyloP<0.1, intronic_ROI(-2)	3	122000928	A	C	0.0	-0.279				12.18			ok	SpliceAI masked is zero at canonical splice sites by design; Benign call is filter artifact, not evidence of safety
CASR	NM_001178065.2	c.1609-2A>G	Benign synonymous, SpliceAI<=0.1, PhastCons<1.0, PhyloP<0.1, intronic_ROI(-2)	3	122000928	A	G	0.0	-0.279				12.66			ok	SpliceAI masked is zero at canonical splice sites by design; Benign call is filter artifact, not evidence of safety
CASR	NM_001178065.2	c.1609-2A>T	Benign synonymous, SpliceAI<=0.1, PhastCons<1.0, PhyloP<0.1, intronic_ROI(-2)	3	122000928	A	T	0.0	-0.279				12.96			ok	SpliceAI masked is zero at canonical splice sites by design; Benign call is filter artifact, not evidence of safety
CASR	NM_001178065.2	c.1609-1G>A	Benign synonymous, SpliceAI<=0.1, PhastCons<1.0, PhyloP<0.1, intronic_ROI(-1)	3	122000929	G	A	0.001	0.043			0.000205740	13.92			ok	SpliceAI masked is zero at canonical splice sites by design; Benign call is filter artifact, not evidence of safety
CASR	NM_001178065.2	c.1609-1G>C	Benign synonymous, SpliceAI<=0.1, PhastCons<1.0, PhyloP<0.1, intronic_ROI(-1)	3	122000929	G	C	0.001	0.043			7.50500e-05	13.09			ok	SpliceAI masked is zero at canonical splice sites by design; Benign call is filter artifact, not evidence of safety
CASR	NM_001178065.2	c.1609-1G>T	Benign synonymous, SpliceAI<=0.1, PhastCons<1.0, PhyloP<0.1, intronic_ROI(-1)	3	122000929	G	T	0.001	0.043				13.88			ok	SpliceAI masked is zero at canonical splice sites by design; Benign call is filter artifact, not evidence of safety
CBL	NM_005188.4	c.2522-2A>C	Benign synonymous, SpliceAI<=0.1, PhastCons<1.0, PhyloP<0.1, intronic_ROI(-2)	11	119184126	A	C	0.005	-0.086				12.78			flagged:intergenic	SpliceAI masked is zero at canonical splice sites by design; Benign call is filter artifact, not evidence of safety
CBL	NM_005188.4	c.2522-2A>G	Benign synonymous, SpliceAI<=0.1, PhastCons<1.0, PhyloP<0.1, intronic_ROI(-2)	11	119184126	A	G	0.005	-0.086				12.25			flagged:intergenic	SpliceAI masked is zero at canonical splice sites by design; Benign call is filter artifact, not evidence of safety
CBL	NM_005188.4	c.2522-2A>T	Benign synonymous, SpliceAI<=0.1, PhastCons<1.0, PhyloP<0.1, intronic_ROI(-2)	11	119184126	A	T	0.005	-0.086				12.25			flagged:intergenic	SpliceAI masked is zero at canonical splice sites by design; Benign call is filter artifact, not evidence of safety
EGFR	NM_005228.5	c.3163-1G>A	Benign synonymous, SpliceAI<=0.1, PhastCons<1.0, PhyloP<0.1, intronic_ROI(-1)	7	55270209	G	A	0.055	-0.135	.;.;.;.;.;.;.			23.9	.;.;.;.;.;.;.		ok	SpliceAI masked is zero at canonical splice sites by design; Benign call is filter artifact, not evidence of safety
EGFR	NM_005228.5	c.3163-1G>C	Benign synonymous, SpliceAI<=0.1, PhastCons<1.0, PhyloP<0.1, intronic_ROI(-1)	7	55270209	G	C	0.055	-0.135	.;.;.;.;.;.;.			23.5	.;.;.;.;.;.;.		ok	SpliceAI masked is zero at canonical splice sites by design; Benign call is filter artifact, not evidence of safety
EGFR	NM_005228.5	c.3163-1G>T	Benign synonymous, SpliceAI<=0.1, PhastCons<1.0, PhyloP<0.1, intronic_ROI(-1)	7	55270209	G	T	0.055	-0.135	.;.;.;.;.;.;.		6.80000e-07	23.9	.;.;.;.;.;.;.		ok	SpliceAI masked is zero at canonical splice sites by design; Benign call is filter artifact, not evidence of safety
ELOC	NM_005648.4	c.149-2A>T	Benign synonymous, SpliceAI<=0.1, PhastCons<1.0, PhyloP<0.1, intronic_ROI(-2)	8	74853842	T	A	0.001	-0.043				10.13			flagged:intergenic	SpliceAI masked is zero at canonical splice sites by design; Benign call is filter artifact, not evidence of safety
ELOC	NM_005648.4	c.149-2A>G	Benign synonymous, SpliceAI<=0.1, PhastCons<1.0, PhyloP<0.1, intronic_ROI(-2)	8	74853842	T	C	0.001	-0.043				9.993			flagged:intergenic	SpliceAI masked is zero at canonical splice sites by design; Benign call is filter artifact, not evidence of safety
ELOC	NM_005648.4	c.149-2A>C	Benign synonymous, SpliceAI<=0.1, PhastCons<1.0, PhyloP<0.1, intronic_ROI(-2)	8	74853842	T	G	0.001	-0.043				11.31			flagged:intergenic	SpliceAI masked is zero at canonical splice sites by design; Benign call is filter artifact, not evidence of safety
ERCC5	NM_000123.3	c.2880-1T>A	Benign synonymous, SpliceAI<=0.1, PhastCons<1.0, PhyloP<0.1, intronic_ROI(-1)	13	103525608	T	A	0.03	-0.013	.;.;.;.;.;.;.			14.77	.;.;.;.;.;.;.		ok	SpliceAI masked is zero at canonical splice sites by design; Benign call is filter artifact, not evidence of safety
ERCC5	NM_000123.3	c.2880-1T>C	Benign synonymous, SpliceAI<=0.1, PhastCons<1.0, PhyloP<0.1, intronic_ROI(-1)	13	103525608	T	C	0.03	-0.013	.;.;.;.;.;.;.			14.38	.;.;.;.;.;.;.		ok	SpliceAI masked is zero at canonical splice sites by design; Benign call is filter artifact, not evidence of safety
ERCC5	NM_000123.3	c.2880-1T>G	Benign synonymous, SpliceAI<=0.1, PhastCons<1.0, PhyloP<0.1, intronic_ROI(-1)	13	103525608	T	G	0.03	-0.013	.;.;.;.;.;.;.			14.17	.;.;.;.;.;.;.		ok	SpliceAI masked is zero at canonical splice sites by design; Benign call is filter artifact, not evidence of safety
FANCA	NM_000135.4	c.4167+1G>T	Benign synonymous, SpliceAI<=0.1, PhastCons<1.0, PhyloP<0.1, intronic_ROI(+1)	16	89805540	C	A	0.005	-0.19	.;.;.			25.7	.;.;.		ok	SpliceAI masked is zero at canonical splice sites by design; Benign call is filter artifact, not evidence of safety
FANCA	NM_000135.4	c.4167+1G>C	Benign synonymous, SpliceAI<=0.1, PhastCons<1.0, PhyloP<0.1, intronic_ROI(+1)	16	89805540	C	G	0.005	-0.19	.;.;.			24.0	.;.;.		ok	SpliceAI masked is zero at canonical splice sites by design; Benign call is filter artifact, not evidence of safety
FANCA	NM_000135.4	c.4167+1G>A	Benign synonymous, SpliceAI<=0.1, PhastCons<1.0, PhyloP<0.1, intronic_ROI(+1)	16	89805540	C	T	0.005	-0.19	.;.;.			24.4	.;.;.	Likely_pathogenic	ok	SpliceAI masked is zero at canonical splice sites by design; Benign call is filter artifact, not evidence of safety
FANCB	NM_001018113.3	c.2756+1G>T	Benign synonymous, SpliceAI<=0.1, PhastCons<1.0, PhyloP<0.1, intronic_ROI(+1)	X	14814891	C	A	0.0	-1.934				1.358			flagged:intergenic	SpliceAI masked is zero at canonical splice sites by design; Benign call is filter artifact, not evidence of safety
FANCB	NM_001018113.3	c.2756+1G>C	Benign synonymous, SpliceAI<=0.1, PhastCons<1.0, PhyloP<0.1, intronic_ROI(+1)	X	14814891	C	G	0.0	-1.934				0.793			flagged:intergenic	SpliceAI masked is zero at canonical splice sites by design; Benign call is filter artifact, not evidence of safety
FANCB	NM_001018113.3	c.2756+1G>A	Benign synonymous, SpliceAI<=0.1, PhastCons<1.0, PhyloP<0.1, intronic_ROI(+1)	X	14814891	C	T	0.0	-1.934				1.186			flagged:intergenic	SpliceAI masked is zero at canonical splice sites by design; Benign call is filter artifact, not evidence of safety
FANCB	NM_001018113.3	c.2605-1G>T	Benign synonymous, SpliceAI<=0.1, PhastCons<1.0, PhyloP<0.1, intronic_ROI(-1)	X	14815044	C	A	0.001	-0.397				9.084			flagged:intergenic	SpliceAI masked is zero at canonical splice sites by design; Benign call is filter artifact, not evidence of safety
FANCB	NM_001018113.3	c.2605-1G>C	Benign synonymous, SpliceAI<=0.1, PhastCons<1.0, PhyloP<0.1, intronic_ROI(-1)	X	14815044	C	G	0.001	-0.397				7.273			flagged:intergenic	SpliceAI masked is zero at canonical splice sites by design; Benign call is filter artifact, not evidence of safety
FANCB	NM_001018113.3	c.2605-1G>A	Benign synonymous, SpliceAI<=0.1, PhastCons<1.0, PhyloP<0.1, intronic_ROI(-1)	X	14815044	C	T	0.001	-0.397				7.885			flagged:intergenic	SpliceAI masked is zero at canonical splice sites by design; Benign call is filter artifact, not evidence of safety
FANCB	NM_001018113.3	c.2605-2A>T	Benign synonymous, SpliceAI<=0.1, PhastCons<1.0, PhyloP<0.1, intronic_ROI(-2)	X	14815045	T	A	0.012	-0.311				13.06			flagged:intergenic	SpliceAI masked is zero at canonical splice sites by design; Benign call is filter artifact, not evidence of safety
FANCB	NM_001018113.3	c.2605-2A>G	Benign synonymous, SpliceAI<=0.1, PhastCons<1.0, PhyloP<0.1, intronic_ROI(-2)	X	14815045	T	C	0.012	-0.311				12.7			flagged:intergenic	SpliceAI masked is zero at canonical splice sites by design; Benign call is filter artifact, not evidence of safety
FANCB	NM_001018113.3	c.2605-2A>C	Benign synonymous, SpliceAI<=0.1, PhastCons<1.0, PhyloP<0.1, intronic_ROI(-2)	X	14815045	T	G	0.012	-0.311				12.44			flagged:intergenic	SpliceAI masked is zero at canonical splice sites by design; Benign call is filter artifact, not evidence of safety
FANCB	NM_001018113.3	c.2604+2T>G	Benign synonymous, SpliceAI<=0.1, PhastCons<1.0, PhyloP<0.1, intronic_ROI(+2)	X	14815302	A	C	0.0	-0.587				4.554			flagged:intergenic	SpliceAI masked is zero at canonical splice sites by design; Benign call is filter artifact, not evidence of safety
FANCB	NM_001018113.3	c.2604+2T>C	Benign synonymous, SpliceAI<=0.1, PhastCons<1.0, PhyloP<0.1, intronic_ROI(+2)	X	14815302	A	G	0.0	-0.587				3.18			flagged:intergenic	SpliceAI masked is zero at canonical splice sites by design; Benign call is filter artifact, not evidence of safety
FANCB	NM_001018113.3	c.2604+2T>A	Benign synonymous, SpliceAI<=0.1, PhastCons<1.0, PhyloP<0.1, intronic_ROI(+2)	X	14815302	A	T	0.0	-0.587				4.784			flagged:intergenic	SpliceAI masked is zero at canonical splice sites by design; Benign call is filter artifact, not evidence of safety
FANCB	NM_001018113.3	c.2604+1G>T	Benign synonymous, SpliceAI<=0.1, PhastCons<1.0, PhyloP<0.1, intronic_ROI(+1)	X	14815303	C	A	0.0	-0.644				1.604			flagged:intergenic	SpliceAI masked is zero at canonical splice sites by design; Benign call is filter artifact, not evidence of safety
FANCB	NM_001018113.3	c.2604+1G>C	Benign synonymous, SpliceAI<=0.1, PhastCons<1.0, PhyloP<0.1, intronic_ROI(+1)	X	14815303	C	G	0.0	-0.644				1.079			flagged:intergenic	SpliceAI masked is zero at canonical splice sites by design; Benign call is filter artifact, not evidence of safety
FANCB	NM_001018113.3	c.2604+1G>A	Benign synonymous, SpliceAI<=0.1, PhastCons<1.0, PhyloP<0.1, intronic_ROI(+1)	X	14815303	C	T	0.0	-0.644				1.088			flagged:intergenic	SpliceAI masked is zero at canonical splice sites by design; Benign call is filter artifact, not evidence of safety
FANCB	NM_001018113.3	c.2488-1G>T	Benign synonymous, SpliceAI<=0.1, PhastCons<1.0, PhyloP<0.1, intronic_ROI(-1)	X	14815421	C	A	0.019	-0.446	.;.			11.27	.;.		flagged:intergenic	SpliceAI masked is zero at canonical splice sites by design; Benign call is filter artifact, not evidence of safety
FANCB	NM_001018113.3	c.2488-1G>C	Benign synonymous, SpliceAI<=0.1, PhastCons<1.0, PhyloP<0.1, intronic_ROI(-1)	X	14815421	C	G	0.019	-0.446	.;.			9.58	.;.		flagged:intergenic	SpliceAI masked is zero at canonical splice sites by design; Benign call is filter artifact, not evidence of safety
FANCB	NM_001018113.3	c.2488-1G>A	Benign synonymous, SpliceAI<=0.1, PhastCons<1.0, PhyloP<0.1, intronic_ROI(-1)	X	14815421	C	T	0.019	-0.446	.;.			10.78	.;.		flagged:intergenic	SpliceAI masked is zero at canonical splice sites by design; Benign call is filter artifact, not evidence of safety
FANCB	NM_001018113.3	c.2488-1G>T	Benign synonymous, SpliceAI<=0.1, PhastCons<1.0, PhyloP<0.1, intronic_ROI(-1)	X	14853873	C	A	0.025	-0.019				9.071			flagged:intergenic	SpliceAI masked is zero at canonical splice sites by design; Benign call is filter artifact, not evidence of safety
FANCB	NM_001018113.3	c.2488-1G>C	Benign synonymous, SpliceAI<=0.1, PhastCons<1.0, PhyloP<0.1, intronic_ROI(-1)	X	14853873	C	G	0.025	-0.019				7.321			flagged:intergenic	SpliceAI masked is zero at canonical splice sites by design; Benign call is filter artifact, not evidence of safety
FANCB	NM_001018113.3	c.2488-1G>A	Benign synonymous, SpliceAI<=0.1, PhastCons<1.0, PhyloP<0.1, intronic_ROI(-1)	X	14853873	C	T	0.025	-0.019				8.612			flagged:intergenic	SpliceAI masked is zero at canonical splice sites by design; Benign call is filter artifact, not evidence of safety
FANCB	NM_001018113.3	c.1327-2A>T	Benign synonymous, SpliceAI<=0.1, PhastCons<1.0, PhyloP<0.1, intronic_ROI(-2)	X	14868798	T	A	0.0	-2.138	.;.;.;.;.;.;.;.;.;.			8.05	.;.;.;.;.;.;.;.;.;.		ok	SpliceAI masked is zero at canonical splice sites by design; Benign call is filter artifact, not evidence of safety
FANCB	NM_001018113.3	c.1327-2A>G	Benign synonymous, SpliceAI<=0.1, PhastCons<1.0, PhyloP<0.1, intronic_ROI(-2)	X	14868798	T	C	0.0	-2.138	.;.;.;.;.;.;.;.;.;.			6.107	.;.;.;.;.;.;.;.;.;.		ok	SpliceAI masked is zero at canonical splice sites by design; Benign call is filter artifact, not evidence of safety
FANCB	NM_001018113.3	c.1327-2A>C	Benign synonymous, SpliceAI<=0.1, PhastCons<1.0, PhyloP<0.1, intronic_ROI(-2)	X	14868798	T	G	0.0	-2.138	.;.;.;.;.;.;.;.;.;.			7.159	.;.;.;.;.;.;.;.;.;.		ok	SpliceAI masked is zero at canonical splice sites by design; Benign call is filter artifact, not evidence of safety
FANCD2	NM_033084.5	c.65-2A>C	Benign synonymous, SpliceAI<=0.1, PhastCons<1.0, PhyloP<0.1, intronic_ROI(-2)	3	10073981	A	C	0.0	-1.176				6.131			flagged:intergenic	SpliceAI masked is zero at canonical splice sites by design; Benign call is filter artifact, not evidence of safety
FANCD2	NM_033084.5	c.65-2A>G	Benign synonymous, SpliceAI<=0.1, PhastCons<1.0, PhyloP<0.1, intronic_ROI(-2)	3	10073981	A	G	0.0	-1.176				6.069			flagged:intergenic	SpliceAI masked is zero at canonical splice sites by design; Benign call is filter artifact, not evidence of safety
FANCD2	NM_033084.5	c.65-2A>T	Benign synonymous, SpliceAI<=0.1, PhastCons<1.0, PhyloP<0.1, intronic_ROI(-2)	3	10073981	A	T	0.0	-1.176				6.217			flagged:intergenic	SpliceAI masked is zero at canonical splice sites by design; Benign call is filter artifact, not evidence of safety
FANCD2	NM_033084.5	c.65-1G>A	Benign synonymous, SpliceAI<=0.1, PhastCons<1.0, PhyloP<0.1, intronic_ROI(-1)	3	10073982	G	A	0.0	-1.277				9.781			flagged:intergenic	SpliceAI masked is zero at canonical splice sites by design; Benign call is filter artifact, not evidence of safety
FANCD2	NM_033084.5	c.65-1G>C	Benign synonymous, SpliceAI<=0.1, PhastCons<1.0, PhyloP<0.1, intronic_ROI(-1)	3	10073982	G	C	0.0	-1.277				23.3			flagged:intergenic	SpliceAI masked is zero at canonical splice sites by design; Benign call is filter artifact, not evidence of safety
FANCD2	NM_033084.5	c.65-1G>T	Benign synonymous, SpliceAI<=0.1, PhastCons<1.0, PhyloP<0.1, intronic_ROI(-1)	3	10073982	G	T	0.0	-1.277				17.36			flagged:intergenic	SpliceAI masked is zero at canonical splice sites by design; Benign call is filter artifact, not evidence of safety
FANCD2	NM_033084.5	c.1767-1G>A	Benign synonymous, SpliceAI<=0.1, PhastCons<1.0, PhyloP<0.1, intronic_ROI(-1)	3	10103837	G	A	0.258	-0.059	.;.			2.196	.;.		flagged:intergenic	SpliceAI masked is zero at canonical splice sites by design; Benign call is filter artifact, not evidence of safety
FANCD2	NM_033084.5	c.1767-1G>C	Benign synonymous, SpliceAI<=0.1, PhastCons<1.0, PhyloP<0.1, intronic_ROI(-1)	3	10103837	G	C	0.258	-0.059	.;.			3.398	.;.		flagged:intergenic	SpliceAI masked is zero at canonical splice sites by design; Benign call is filter artifact, not evidence of safety
FANCD2	NM_033084.5	c.1767-1G>T	Benign synonymous, SpliceAI<=0.1, PhastCons<1.0, PhyloP<0.1, intronic_ROI(-1)	3	10103837	G	T	0.258	-0.059	.;.			7.741	.;.		flagged:intergenic	SpliceAI masked is zero at canonical splice sites by design; Benign call is filter artifact, not evidence of safety
FANCD2	NM_033084.5	c.1948-1G>A	Benign synonymous, SpliceAI<=0.1, PhastCons<1.0, PhyloP<0.1, intronic_ROI(-1)	3	10106075	G	A	0.987	0.064			5.00000e-06	4.428			flagged:intergenic	SpliceAI masked is zero at canonical splice sites by design; Benign call is filter artifact, not evidence of safety
FANCD2	NM_033084.5	c.1948-1G>C	Benign synonymous, SpliceAI<=0.1, PhastCons<1.0, PhyloP<0.1, intronic_ROI(-1)	3	10106075	G	C	0.987	0.064			4.43000e-06	18.61			flagged:intergenic	SpliceAI masked is zero at canonical splice sites by design; Benign call is filter artifact, not evidence of safety
FANCD2	NM_033084.5	c.1948-1G>T	Benign synonymous, SpliceAI<=0.1, PhastCons<1.0, PhyloP<0.1, intronic_ROI(-1)	3	10106075	G	T	0.987	0.064				18.82			flagged:intergenic	SpliceAI masked is zero at canonical splice sites by design; Benign call is filter artifact, not evidence of safety
H3-3A	NM_002107.6	c.290+2T>A	Benign synonymous, SpliceAI<=0.1, PhastCons<1.0, PhyloP<0.1, intronic_ROI(+2)	1	226253520	T	A	0.0	-1.997				0.046			flagged:intergenic	SpliceAI masked is zero at canonical splice sites by design; Benign call is filter artifact, not evidence of safety
H3-3A	NM_002107.6	c.290+2T>C	Benign synonymous, SpliceAI<=0.1, PhastCons<1.0, PhyloP<0.1, intronic_ROI(+2)	1	226253520	T	C	0.0	-1.997				0.053			flagged:intergenic	SpliceAI masked is zero at canonical splice sites by design; Benign call is filter artifact, not evidence of safety
H3-3A	NM_002107.6	c.290+2T>G	Benign synonymous, SpliceAI<=0.1, PhastCons<1.0, PhyloP<0.1, intronic_ROI(+2)	1	226253520	T	G	0.0	-1.997				0.049			flagged:intergenic	SpliceAI masked is zero at canonical splice sites by design; Benign call is filter artifact, not evidence of safety
H3-3A	NM_002107.6	c.294+2T>A	Benign synonymous, SpliceAI<=0.1, PhastCons<1.0, PhyloP<0.1, intronic_ROI(+2)	1	226253524	T	A	0.0	-0.284	.;.			6.139	.;.		flagged:intergenic	SpliceAI masked is zero at canonical splice sites by design; Benign call is filter artifact, not evidence of safety
H3-3A	NM_002107.6	c.294+2T>C	Benign synonymous, SpliceAI<=0.1, PhastCons<1.0, PhyloP<0.1, intronic_ROI(+2)	1	226253524	T	C	0.0	-0.284	.;.			6.511	.;.		flagged:intergenic	SpliceAI masked is zero at canonical splice sites by design; Benign call is filter artifact, not evidence of safety
H3-3A	NM_002107.6	c.294+2T>G	Benign synonymous, SpliceAI<=0.1, PhastCons<1.0, PhyloP<0.1, intronic_ROI(+2)	1	226253524	T	G	0.0	-0.284	.;.			6.21	.;.		flagged:intergenic	SpliceAI masked is zero at canonical splice sites by design; Benign call is filter artifact, not evidence of safety
KIF1B	NM_001365951.2	c.430-2A>C	Benign synonymous, SpliceAI<=0.1, PhastCons<1.0, PhyloP<0.1, intronic_ROI(-2)	1	10323064	A	C	0.001	-0.059				8.234			flagged:intergenic	SpliceAI masked is zero at canonical splice sites by design; Benign call is filter artifact, not evidence of safety
KIF1B	NM_001365951.2	c.430-2A>G	Benign synonymous, SpliceAI<=0.1, PhastCons<1.0, PhyloP<0.1, intronic_ROI(-2)	1	10323064	A	G	0.001	-0.059				15.75			flagged:intergenic	SpliceAI masked is zero at canonical splice sites by design; Benign call is filter artifact, not evidence of safety
KIF1B	NM_001365951.2	c.430-2A>T	Benign synonymous, SpliceAI<=0.1, PhastCons<1.0, PhyloP<0.1, intronic_ROI(-2)	1	10323064	A	T	0.001	-0.059				9.78			flagged:intergenic	SpliceAI masked is zero at canonical splice sites by design; Benign call is filter artifact, not evidence of safety
KIF1B	NM_001365951.2	c.5409-2A>C	Benign synonymous, SpliceAI<=0.1, PhastCons<1.0, PhyloP<0.1, intronic_ROI(-2)	1	10438395	A	C	0.0	-0.045	.;.;.			9.817	.;.;.		flagged:intergenic	SpliceAI masked is zero at canonical splice sites by design; Benign call is filter artifact, not evidence of safety
KIF1B	NM_001365951.2	c.5409-2A>G	Benign synonymous, SpliceAI<=0.1, PhastCons<1.0, PhyloP<0.1, intronic_ROI(-2)	1	10438395	A	G	0.0	-0.045	.;.;.			10.5	.;.;.		flagged:intergenic	SpliceAI masked is zero at canonical splice sites by design; Benign call is filter artifact, not evidence of safety
KIF1B	NM_001365951.2	c.5409-2A>T	Benign synonymous, SpliceAI<=0.1, PhastCons<1.0, PhyloP<0.1, intronic_ROI(-2)	1	10438395	A	T	0.0	-0.045	.;.;.			11.52	.;.;.		flagged:intergenic	SpliceAI masked is zero at canonical splice sites by design; Benign call is filter artifact, not evidence of safety
MAX	NM_002382.5	c.172-1G>T	Benign synonymous, SpliceAI<=0.1, PhastCons<1.0, PhyloP<0.1, intronic_ROI(-1)	14	65473003	C	A	0.23	-0.023				16.79			flagged:intergenic	SpliceAI masked is zero at canonical splice sites by design; Benign call is filter artifact, not evidence of safety
MAX	NM_002382.5	c.172-1G>C	Benign synonymous, SpliceAI<=0.1, PhastCons<1.0, PhyloP<0.1, intronic_ROI(-1)	14	65473003	C	G	0.23	-0.023				15.9			flagged:intergenic	SpliceAI masked is zero at canonical splice sites by design; Benign call is filter artifact, not evidence of safety
MAX	NM_002382.5	c.172-1G>A	Benign synonymous, SpliceAI<=0.1, PhastCons<1.0, PhyloP<0.1, intronic_ROI(-1)	14	65473003	C	T	0.23	-0.023			2.80000e-07	17.05			flagged:intergenic	SpliceAI masked is zero at canonical splice sites by design; Benign call is filter artifact, not evidence of safety
MEN1	NM_130803.2	c.928-2A>T	Benign synonymous, SpliceAI<=0.1, PhastCons<1.0, PhyloP<0.1, intronic_ROI(-2)	11	64573842	T	A	0.998	0.077	.;.;.;.;.;.;.;.;.;.;.;.;.;.;.;.;.;.;.;.;.;.;.;.;.;.;.;.;.;.;.;.;.;.;.			29.9	.;.;.;.;.;.;.;.;.;.;.;.;.;.;.;.;.;.;.;.;.;.;.;.;.;.;.;.;.;.;.;.;.;.;.		ok	SpliceAI masked is zero at canonical splice sites by design; Benign call is filter artifact, not evidence of safety
MEN1	NM_130803.2	c.928-2A>G	Benign synonymous, SpliceAI<=0.1, PhastCons<1.0, PhyloP<0.1, intronic_ROI(-2)	11	64573842	T	C	0.998	0.077	.;.;.;.;.;.;.;.;.;.;.;.;.;.;.;.;.;.;.;.;.;.;.;.;.;.;.;.;.;.;.;.;.;.;.			27.6	.;.;.;.;.;.;.;.;.;.;.;.;.;.;.;.;.;.;.;.;.;.;.;.;.;.;.;.;.;.;.;.;.;.;.	Pathogenic/Likely_pathogenic	ok	SpliceAI masked is zero at canonical splice sites by design; Benign call is filter artifact, not evidence of safety
MEN1	NM_130803.2	c.928-2A>C	Benign synonymous, SpliceAI<=0.1, PhastCons<1.0, PhyloP<0.1, intronic_ROI(-2)	11	64573842	T	G	0.998	0.077	.;.;.;.;.;.;.;.;.;.;.;.;.;.;.;.;.;.;.;.;.;.;.;.;.;.;.;.;.;.;.;.;.;.;.			29.5	.;.;.;.;.;.;.;.;.;.;.;.;.;.;.;.;.;.;.;.;.;.;.;.;.;.;.;.;.;.;.;.;.;.;.	Likely_pathogenic	ok	SpliceAI masked is zero at canonical splice sites by design; Benign call is filter artifact, not evidence of safety
MITF	NM_000248.3	c.53+1G>A	Benign synonymous, SpliceAI<=0.1, PhastCons<1.0, PhyloP<0.1, intronic_ROI(+1)	3	69843667	G	A	0.0	-2.157				5.271			flagged:intergenic	SpliceAI masked is zero at canonical splice sites by design; Benign call is filter artifact, not evidence of safety
MITF	NM_000248.3	c.53+1G>C	Benign synonymous, SpliceAI<=0.1, PhastCons<1.0, PhyloP<0.1, intronic_ROI(+1)	3	69843667	G	C	0.0	-2.157				6.059			flagged:intergenic	SpliceAI masked is zero at canonical splice sites by design; Benign call is filter artifact, not evidence of safety
MITF	NM_000248.3	c.53+1G>T	Benign synonymous, SpliceAI<=0.1, PhastCons<1.0, PhyloP<0.1, intronic_ROI(+1)	3	69843667	G	T	0.0	-2.157				7.939			flagged:intergenic	SpliceAI masked is zero at canonical splice sites by design; Benign call is filter artifact, not evidence of safety
MITF	NM_000248.3	c.53+2T>A	Benign synonymous, SpliceAI<=0.1, PhastCons<1.0, PhyloP<0.1, intronic_ROI(+2)	3	69843668	T	A	0.0	-0.56				11.82			flagged:intergenic	SpliceAI masked is zero at canonical splice sites by design; Benign call is filter artifact, not evidence of safety
MITF	NM_000248.3	c.53+2T>C	Benign synonymous, SpliceAI<=0.1, PhastCons<1.0, PhyloP<0.1, intronic_ROI(+2)	3	69843668	T	C	0.0	-0.56				4.94			flagged:intergenic	SpliceAI masked is zero at canonical splice sites by design; Benign call is filter artifact, not evidence of safety
MITF	NM_000248.3	c.53+2T>G	Benign synonymous, SpliceAI<=0.1, PhastCons<1.0, PhyloP<0.1, intronic_ROI(+2)	3	69843668	T	G	0.0	-0.56				11.09			flagged:intergenic	SpliceAI masked is zero at canonical splice sites by design; Benign call is filter artifact, not evidence of safety
MSH2	NM_000251.3	c.2635-2A>C	Benign synonymous, SpliceAI<=0.1, PhastCons<1.0, PhyloP<0.1, intronic_ROI(-2)	2	47739440	A	C	0.0	-1.087	.;.			9.461	.;.		flagged:intergenic	SpliceAI masked is zero at canonical splice sites by design; Benign call is filter artifact, not evidence of safety
MSH2	NM_000251.3	c.2635-2A>G	Benign synonymous, SpliceAI<=0.1, PhastCons<1.0, PhyloP<0.1, intronic_ROI(-2)	2	47739440	A	G	0.0	-1.087	.;.			9.143	.;.		flagged:intergenic	SpliceAI masked is zero at canonical splice sites by design; Benign call is filter artifact, not evidence of safety
MSH2	NM_000251.3	c.2635-2A>T	Benign synonymous, SpliceAI<=0.1, PhastCons<1.0, PhyloP<0.1, intronic_ROI(-2)	2	47739440	A	T	0.0	-1.087	.;.			9.329	.;.		flagged:intergenic	SpliceAI masked is zero at canonical splice sites by design; Benign call is filter artifact, not evidence of safety
MSH2	NM_000251.3	c.2635-1G>A	Benign synonymous, SpliceAI<=0.1, PhastCons<1.0, PhyloP<0.1, intronic_ROI(-1)	2	47739441	G	A	0.0	-0.318	.;.			15.14	.;.		flagged:intergenic	SpliceAI masked is zero at canonical splice sites by design; Benign call is filter artifact, not evidence of safety
MSH2	NM_000251.3	c.2635-1G>C	Benign synonymous, SpliceAI<=0.1, PhastCons<1.0, PhyloP<0.1, intronic_ROI(-1)	2	47739441	G	C	0.0	-0.318	.;.			15.11	.;.		flagged:intergenic	SpliceAI masked is zero at canonical splice sites by design; Benign call is filter artifact, not evidence of safety
MSH2	NM_000251.3	c.2635-1G>T	Benign synonymous, SpliceAI<=0.1, PhastCons<1.0, PhyloP<0.1, intronic_ROI(-1)	2	47739441	G	T	0.0	-0.318	.;.			15.44	.;.		flagged:intergenic	SpliceAI masked is zero at canonical splice sites by design; Benign call is filter artifact, not evidence of safety
MSH2	NM_000251.3	c.2752+1G>A	Benign synonymous, SpliceAI<=0.1, PhastCons<1.0, PhyloP<0.1, intronic_ROI(+1)	2	47739560	G	A	0.0	0.037				7.954			flagged:intergenic	SpliceAI masked is zero at canonical splice sites by design; Benign call is filter artifact, not evidence of safety
MSH2	NM_000251.3	c.2752+1G>C	Benign synonymous, SpliceAI<=0.1, PhastCons<1.0, PhyloP<0.1, intronic_ROI(+1)	2	47739560	G	C	0.0	0.037				4.473			flagged:intergenic	SpliceAI masked is zero at canonical splice sites by design; Benign call is filter artifact, not evidence of safety
MSH2	NM_000251.3	c.2752+1G>T	Benign synonymous, SpliceAI<=0.1, PhastCons<1.0, PhyloP<0.1, intronic_ROI(+1)	2	47739560	G	T	0.0	0.037			2.80000e-07	10.78			flagged:intergenic	SpliceAI masked is zero at canonical splice sites by design; Benign call is filter artifact, not evidence of safety
MSH2	NM_000251.3	c.2752+2T>A	Benign synonymous, SpliceAI<=0.1, PhastCons<1.0, PhyloP<0.1, intronic_ROI(+2)	2	47739561	T	A	0.0	-0.123				4.0			flagged:intergenic	SpliceAI masked is zero at canonical splice sites by design; Benign call is filter artifact, not evidence of safety
MSH2	NM_000251.3	c.2752+2T>C	Benign synonymous, SpliceAI<=0.1, PhastCons<1.0, PhyloP<0.1, intronic_ROI(+2)	2	47739561	T	C	0.0	-0.123				1.361			flagged:intergenic	SpliceAI masked is zero at canonical splice sites by design; Benign call is filter artifact, not evidence of safety
MSH2	NM_000251.3	c.2752+2T>G	Benign synonymous, SpliceAI<=0.1, PhastCons<1.0, PhyloP<0.1, intronic_ROI(+2)	2	47739561	T	G	0.0	-0.123			6.80000e-07	4.187			flagged:intergenic	SpliceAI masked is zero at canonical splice sites by design; Benign call is filter artifact, not evidence of safety
MSH2	NM_000251.3	c.2753-2A>C	Benign synonymous, SpliceAI<=0.1, PhastCons<1.0, PhyloP<0.1, intronic_ROI(-2)	2	47789226	A	C	0.0	-2.54				1.063			flagged:intergenic	SpliceAI masked is zero at canonical splice sites by design; Benign call is filter artifact, not evidence of safety
MSH2	NM_000251.3	c.2753-2A>G	Benign synonymous, SpliceAI<=0.1, PhastCons<1.0, PhyloP<0.1, intronic_ROI(-2)	2	47789226	A	G	0.0	-2.54				0.999			flagged:intergenic	SpliceAI masked is zero at canonical splice sites by design; Benign call is filter artifact, not evidence of safety
MSH2	NM_000251.3	c.2753-2A>T	Benign synonymous, SpliceAI<=0.1, PhastCons<1.0, PhyloP<0.1, intronic_ROI(-2)	2	47789226	A	T	0.0	-2.54				1.541			flagged:intergenic	SpliceAI masked is zero at canonical splice sites by design; Benign call is filter artifact, not evidence of safety
MSH2	NM_000251.3	c.2753-1G>A	Benign synonymous, SpliceAI<=0.1, PhastCons<1.0, PhyloP<0.1, intronic_ROI(-1)	2	47789227	G	A	0.0	-0.674				1.492			flagged:intergenic	SpliceAI masked is zero at canonical splice sites by design; Benign call is filter artifact, not evidence of safety
MSH2	NM_000251.3	c.2753-1G>C	Benign synonymous, SpliceAI<=0.1, PhastCons<1.0, PhyloP<0.1, intronic_ROI(-1)	2	47789227	G	C	0.0	-0.674				1.596			flagged:intergenic	SpliceAI masked is zero at canonical splice sites by design; Benign call is filter artifact, not evidence of safety
MSH2	NM_000251.3	c.2753-1G>T	Benign synonymous, SpliceAI<=0.1, PhastCons<1.0, PhyloP<0.1, intronic_ROI(-1)	2	47789227	G	T	0.0	-0.674				2.732			flagged:intergenic	SpliceAI masked is zero at canonical splice sites by design; Benign call is filter artifact, not evidence of safety
MSH3	NM_002439.5	c.237+2T>A	Benign synonymous, SpliceAI<=0.1, PhastCons<1.0, PhyloP<0.1, intronic_ROI(+2)	5	79950785	T	A	0.001	0.052	.;.;.;.;.;.;.;.			27.1	.;.;.;.;.;.;.;.		ok	SpliceAI masked is zero at canonical splice sites by design; Benign call is filter artifact, not evidence of safety
MSH3	NM_002439.5	c.237+2T>C	Benign synonymous, SpliceAI<=0.1, PhastCons<1.0, PhyloP<0.1, intronic_ROI(+2)	5	79950785	T	C	0.001	0.052	.;.;.;.;.;.;.;.			27.0	.;.;.;.;.;.;.;.	Pathogenic/Likely_pathogenic	ok	SpliceAI masked is zero at canonical splice sites by design; Benign call is filter artifact, not evidence of safety
MSH3	NM_002439.5	c.237+2T>G	Benign synonymous, SpliceAI<=0.1, PhastCons<1.0, PhyloP<0.1, intronic_ROI(+2)	5	79950785	T	G	0.001	0.052	.;.;.;.;.;.;.;.			27.2	.;.;.;.;.;.;.;.		ok	SpliceAI masked is zero at canonical splice sites by design; Benign call is filter artifact, not evidence of safety
MSH6	NM_000179.2	c.4001+2T>A	Benign synonymous, SpliceAI<=0.1, PhastCons<1.0, PhyloP<0.1, intronic_ROI(+2)	2	48033792	T	A	0.998	0.055	.;.;.;.;.;.;.;.;.;.;.;.;.;.;.;.;.;.			22.8	.;.;.;.;.;.;.;.;.;.;.;.;.;.;.;.;.;.	Pathogenic/Likely_pathogenic	ok	SpliceAI masked is zero at canonical splice sites by design; Benign call is filter artifact, not evidence of safety
MSH6	NM_000179.2	c.4001+2T>C	Benign synonymous, SpliceAI<=0.1, PhastCons<1.0, PhyloP<0.1, intronic_ROI(+2)	2	48033792	T	C	0.998	0.055	.;.;.;.;.;.;.;.;.;.;.;.;.;.;.;.;.;.			21.6	.;.;.;.;.;.;.;.;.;.;.;.;.;.;.;.;.;.	Pathogenic	ok	SpliceAI masked is zero at canonical splice sites by design; Benign call is filter artifact, not evidence of safety
MSH6	NM_000179.2	c.4001+2T>G	Benign synonymous, SpliceAI<=0.1, PhastCons<1.0, PhyloP<0.1, intronic_ROI(+2)	2	48033792	T	G	0.998	0.055	.;.;.;.;.;.;.;.;.;.;.;.;.;.;.;.;.;.			23.1	.;.;.;.;.;.;.;.;.;.;.;.;.;.;.;.;.;.		ok	SpliceAI masked is zero at canonical splice sites by design; Benign call is filter artifact, not evidence of safety
MUTYH	NM_001128425.1	c.36+2T>G	Benign synonymous, SpliceAI<=0.1, PhastCons<1.0, PhyloP<0.1, intronic_ROI(+2)	1	45805889	A	C	0.0	-1.057	.;.;.;.;.;.;.;.			7.632	.;.;.;.;.;.;.;.		ok	SpliceAI masked is zero at canonical splice sites by design; Benign call is filter artifact, not evidence of safety
MUTYH	NM_001128425.1	c.36+2T>C	Benign synonymous, SpliceAI<=0.1, PhastCons<1.0, PhyloP<0.1, intronic_ROI(+2)	1	45805889	A	G	0.0	-1.057	.;.;.;.;.;.;.;.			8.565	.;.;.;.;.;.;.;.	Conflicting_classifications_of_pathogenicity	ok	SpliceAI masked is zero at canonical splice sites by design; Benign call is filter artifact, not evidence of safety
MUTYH	NM_001128425.1	c.36+2T>A	Benign synonymous, SpliceAI<=0.1, PhastCons<1.0, PhyloP<0.1, intronic_ROI(+2)	1	45805889	A	T	0.0	-1.057	.;.;.;.;.;.;.;.			7.272	.;.;.;.;.;.;.;.		ok	SpliceAI masked is zero at canonical splice sites by design; Benign call is filter artifact, not evidence of safety
PALB2	NM_024675.4	c.1684+2T>G	Benign synonymous, SpliceAI<=0.1, PhastCons<1.0, PhyloP<0.1, intronic_ROI(+2)	16	23646181	A	C	0.002	0.087	.;.;.;.;.;.;.;.;.;.;.;.			15.53	.;.;.;.;.;.;.;.;.;.;.;.		ok	SpliceAI masked is zero at canonical splice sites by design; Benign call is filter artifact, not evidence of safety
PALB2	NM_024675.4	c.1684+2T>C	Benign synonymous, SpliceAI<=0.1, PhastCons<1.0, PhyloP<0.1, intronic_ROI(+2)	16	23646181	A	G	0.002	0.087	.;.;.;.;.;.;.;.;.;.;.;.			12.46	.;.;.;.;.;.;.;.;.;.;.;.		ok	SpliceAI masked is zero at canonical splice sites by design; Benign call is filter artifact, not evidence of safety
PALB2	NM_024675.4	c.1684+2T>A	Benign synonymous, SpliceAI<=0.1, PhastCons<1.0, PhyloP<0.1, intronic_ROI(+2)	16	23646181	A	T	0.002	0.087	.;.;.;.;.;.;.;.;.;.;.;.			15.84	.;.;.;.;.;.;.;.;.;.;.;.	Conflicting_classifications_of_pathogenicity	ok	SpliceAI masked is zero at canonical splice sites by design; Benign call is filter artifact, not evidence of safety
PALB2	NM_024675.4	c.1684+1G>T	Benign synonymous, SpliceAI<=0.1, PhastCons<1.0, PhyloP<0.1, intronic_ROI(+1)	16	23646182	C	A	0.0	0.093	.;.;.;.;.;.;.;.;.;.;.;.			18.69	.;.;.;.;.;.;.;.;.;.;.;.	Likely_pathogenic	ok	SpliceAI masked is zero at canonical splice sites by design; Benign call is filter artifact, not evidence of safety
PALB2	NM_024675.4	c.1684+1G>C	Benign synonymous, SpliceAI<=0.1, PhastCons<1.0, PhyloP<0.1, intronic_ROI(+1)	16	23646182	C	G	0.0	0.093	.;.;.;.;.;.;.;.;.;.;.;.			17.65	.;.;.;.;.;.;.;.;.;.;.;.		ok	SpliceAI masked is zero at canonical splice sites by design; Benign call is filter artifact, not evidence of safety
PALB2	NM_024675.4	c.1684+1G>A	Benign synonymous, SpliceAI<=0.1, PhastCons<1.0, PhyloP<0.1, intronic_ROI(+1)	16	23646182	C	T	0.0	0.093	.;.;.;.;.;.;.;.;.;.;.;.			18.15	.;.;.;.;.;.;.;.;.;.;.;.	Uncertain_significance	ok	SpliceAI masked is zero at canonical splice sites by design; Benign call is filter artifact, not evidence of safety
PRKAR1A	NM_212472.2	c.974-2A>C	Benign synonymous, SpliceAI<=0.1, PhastCons<1.0, PhyloP<0.1, intronic_ROI(-2)	17	66547223	A	C	0.0	-0.772	.;.;.			4.024	.;.;.		flagged:intergenic	SpliceAI masked is zero at canonical splice sites by design; Benign call is filter artifact, not evidence of safety
PRKAR1A	NM_212472.2	c.974-2A>G	Benign synonymous, SpliceAI<=0.1, PhastCons<1.0, PhyloP<0.1, intronic_ROI(-2)	17	66547223	A	G	0.0	-0.772	.;.;.			4.44	.;.;.		flagged:intergenic	SpliceAI masked is zero at canonical splice sites by design; Benign call is filter artifact, not evidence of safety
PRKAR1A	NM_212472.2	c.974-2A>T	Benign synonymous, SpliceAI<=0.1, PhastCons<1.0, PhyloP<0.1, intronic_ROI(-2)	17	66547223	A	T	0.0	-0.772	.;.;.			4.468	.;.;.		flagged:intergenic	SpliceAI masked is zero at canonical splice sites by design; Benign call is filter artifact, not evidence of safety
PRKAR1A	NM_212472.2	c.974-1G>A	Benign synonymous, SpliceAI<=0.1, PhastCons<1.0, PhyloP<0.1, intronic_ROI(-1)	17	66547224	G	A	0.001	-0.229	.;.;.			11.15	.;.;.		flagged:intergenic	SpliceAI masked is zero at canonical splice sites by design; Benign call is filter artifact, not evidence of safety
PRKAR1A	NM_212472.2	c.974-1G>C	Benign synonymous, SpliceAI<=0.1, PhastCons<1.0, PhyloP<0.1, intronic_ROI(-1)	17	66547224	G	C	0.001	-0.229	.;.;.			9.032	.;.;.		flagged:intergenic	SpliceAI masked is zero at canonical splice sites by design; Benign call is filter artifact, not evidence of safety
PRKAR1A	NM_212472.2	c.974-1G>T	Benign synonymous, SpliceAI<=0.1, PhastCons<1.0, PhyloP<0.1, intronic_ROI(-1)	17	66547224	G	T	0.001	-0.229	.;.;.			10.22	.;.;.		flagged:intergenic	SpliceAI masked is zero at canonical splice sites by design; Benign call is filter artifact, not evidence of safety
RAD51D	NM_001142571.2	c.323+2T>G	Benign synonymous, SpliceAI<=0.1, PhastCons<1.0, PhyloP<0.1, intronic_ROI(+2)	17	33443876	A	C	0.0	-0.194	.;.			12.56	.;.		ok	SpliceAI masked is zero at canonical splice sites by design; Benign call is filter artifact, not evidence of safety
RAD51D	NM_001142571.2	c.323+2T>C	Benign synonymous, SpliceAI<=0.1, PhastCons<1.0, PhyloP<0.1, intronic_ROI(+2)	17	33443876	A	G	0.0	-0.194	.;.			8.433	.;.	Uncertain_significance	ok	SpliceAI masked is zero at canonical splice sites by design; Benign call is filter artifact, not evidence of safety
RAD51D	NM_001142571.2	c.323+2T>A	Benign synonymous, SpliceAI<=0.1, PhastCons<1.0, PhyloP<0.1, intronic_ROI(+2)	17	33443876	A	T	0.0	-0.194	.;.			12.61	.;.		ok	SpliceAI masked is zero at canonical splice sites by design; Benign call is filter artifact, not evidence of safety
RAD51D	NM_001142571.2	c.323+1G>T	Benign synonymous, SpliceAI<=0.1, PhastCons<1.0, PhyloP<0.1, intronic_ROI(+1)	17	33443877	C	A	0.0	-0.731	.;.			13.67	.;.		ok	SpliceAI masked is zero at canonical splice sites by design; Benign call is filter artifact, not evidence of safety
RAD51D	NM_001142571.2	c.323+1G>C	Benign synonymous, SpliceAI<=0.1, PhastCons<1.0, PhyloP<0.1, intronic_ROI(+1)	17	33443877	C	G	0.0	-0.731	.;.			12.08	.;.		ok	SpliceAI masked is zero at canonical splice sites by design; Benign call is filter artifact, not evidence of safety
RAD51D	NM_001142571.2	c.323+1G>A	Benign synonymous, SpliceAI<=0.1, PhastCons<1.0, PhyloP<0.1, intronic_ROI(+1)	17	33443877	C	T	0.0	-0.731	.;.			11.97	.;.		ok	SpliceAI masked is zero at canonical splice sites by design; Benign call is filter artifact, not evidence of safety
RAD51D	NM_001142571.2	c.145-2A>T	Benign synonymous, SpliceAI<=0.1, PhastCons<1.0, PhyloP<0.1, intronic_ROI(-2)	17	33444058	T	A	0.0	-0.533	.;.			10.71	.;.		ok	SpliceAI masked is zero at canonical splice sites by design; Benign call is filter artifact, not evidence of safety
RAD51D	NM_001142571.2	c.145-2A>G	Benign synonymous, SpliceAI<=0.1, PhastCons<1.0, PhyloP<0.1, intronic_ROI(-2)	17	33444058	T	C	0.0	-0.533	.;.			10.79	.;.		ok	SpliceAI masked is zero at canonical splice sites by design; Benign call is filter artifact, not evidence of safety
RAD51D	NM_001142571.2	c.145-2A>C	Benign synonymous, SpliceAI<=0.1, PhastCons<1.0, PhyloP<0.1, intronic_ROI(-2)	17	33444058	T	G	0.0	-0.533	.;.			10.19	.;.		ok	SpliceAI masked is zero at canonical splice sites by design; Benign call is filter artifact, not evidence of safety
RECQL4	NM_004260.3	c.1259-1G>T	Benign synonymous, SpliceAI<=0.1, PhastCons<1.0, PhyloP<0.1, intronic_ROI(-1)	8	145740842	C	A	0.0	0.043	.;.;.;.;.;.		3.65000e-06	13.44	.;.;.;.;.;.		ok	SpliceAI masked is zero at canonical splice sites by design; Benign call is filter artifact, not evidence of safety
RECQL4	NM_004260.3	c.1259-1G>C	Benign synonymous, SpliceAI<=0.1, PhastCons<1.0, PhyloP<0.1, intronic_ROI(-1)	8	145740842	C	G	0.0	0.043	.;.;.;.;.;.			13.0	.;.;.;.;.;.		ok	SpliceAI masked is zero at canonical splice sites by design; Benign call is filter artifact, not evidence of safety
RECQL4	NM_004260.3	c.1259-1G>A	Benign synonymous, SpliceAI<=0.1, PhastCons<1.0, PhyloP<0.1, intronic_ROI(-1)	8	145740842	C	T	0.0	0.043	.;.;.;.;.;.		3.47100e-05	13.28	.;.;.;.;.;.	Pathogenic/Likely_pathogenic	ok	SpliceAI masked is zero at canonical splice sites by design; Benign call is filter artifact, not evidence of safety
RECQL4	NM_004260.3	c.1259-2A>T	Benign synonymous, SpliceAI<=0.1, PhastCons<1.0, PhyloP<0.1, intronic_ROI(-2)	8	145740843	T	A	0.0	-0.058	.;.;.;.;.;.			8.042	.;.;.;.;.;.		ok	SpliceAI masked is zero at canonical splice sites by design; Benign call is filter artifact, not evidence of safety
RECQL4	NM_004260.3	c.1259-2A>G	Benign synonymous, SpliceAI<=0.1, PhastCons<1.0, PhyloP<0.1, intronic_ROI(-2)	8	145740843	T	C	0.0	-0.058	.;.;.;.;.;.		2.80000e-07	8.31	.;.;.;.;.;.		ok	SpliceAI masked is zero at canonical splice sites by design; Benign call is filter artifact, not evidence of safety
RECQL4	NM_004260.3	c.1259-2A>C	Benign synonymous, SpliceAI<=0.1, PhastCons<1.0, PhyloP<0.1, intronic_ROI(-2)	8	145740843	T	G	0.0	-0.058	.;.;.;.;.;.		2.80000e-07	7.759	.;.;.;.;.;.		ok	SpliceAI masked is zero at canonical splice sites by design; Benign call is filter artifact, not evidence of safety
RECQL4	NM_004260.3	c.213+2T>G	Benign synonymous, SpliceAI<=0.1, PhastCons<1.0, PhyloP<0.1, intronic_ROI(+2)	8	145742796	A	C	0.0	0.053	.;.;.;.;.			22.4	.;.;.;.;.		ok	SpliceAI masked is zero at canonical splice sites by design; Benign call is filter artifact, not evidence of safety
RECQL4	NM_004260.3	c.213+2T>C	Benign synonymous, SpliceAI<=0.1, PhastCons<1.0, PhyloP<0.1, intronic_ROI(+2)	8	145742796	A	G	0.0	0.053	.;.;.;.;.			21.5	.;.;.;.;.		ok	SpliceAI masked is zero at canonical splice sites by design; Benign call is filter artifact, not evidence of safety
RECQL4	NM_004260.3	c.213+2T>A	Benign synonymous, SpliceAI<=0.1, PhastCons<1.0, PhyloP<0.1, intronic_ROI(+2)	8	145742796	A	T	0.0	0.053	.;.;.;.;.			22.2	.;.;.;.;.		ok	SpliceAI masked is zero at canonical splice sites by design; Benign call is filter artifact, not evidence of safety
RECQL4	NM_004260.3	c.118+1G>T	Benign synonymous, SpliceAI<=0.1, PhastCons<1.0, PhyloP<0.1, intronic_ROI(+1)	8	145742985	C	A	0.0	-0.037	.;.;.;.;.			29.8	.;.;.;.;.		ok	SpliceAI masked is zero at canonical splice sites by design; Benign call is filter artifact, not evidence of safety
RECQL4	NM_004260.3	c.118+1G>C	Benign synonymous, SpliceAI<=0.1, PhastCons<1.0, PhyloP<0.1, intronic_ROI(+1)	8	145742985	C	G	0.0	-0.037	.;.;.;.;.			28.3	.;.;.;.;.		ok	SpliceAI masked is zero at canonical splice sites by design; Benign call is filter artifact, not evidence of safety
RECQL4	NM_004260.3	c.118+1G>A	Benign synonymous, SpliceAI<=0.1, PhastCons<1.0, PhyloP<0.1, intronic_ROI(+1)	8	145742985	C	T	0.0	-0.037	.;.;.;.;.			28.9	.;.;.;.;.		ok	SpliceAI masked is zero at canonical splice sites by design; Benign call is filter artifact, not evidence of safety
REST	NM_005612.5	c.899-1G>A	Benign synonymous, SpliceAI<=0.1, PhastCons<1.0, PhyloP<0.1, intronic_ROI(-1)	4	57832821	G	A	0.0	-3.975	.;.			0.115	.;.		flagged:intergenic	SpliceAI masked is zero at canonical splice sites by design; Benign call is filter artifact, not evidence of safety
REST	NM_005612.5	c.899-1G>C	Benign synonymous, SpliceAI<=0.1, PhastCons<1.0, PhyloP<0.1, intronic_ROI(-1)	4	57832821	G	C	0.0	-3.975	.;.			0.067	.;.		flagged:intergenic	SpliceAI masked is zero at canonical splice sites by design; Benign call is filter artifact, not evidence of safety
REST	NM_005612.5	c.899-1G>T	Benign synonymous, SpliceAI<=0.1, PhastCons<1.0, PhyloP<0.1, intronic_ROI(-1)	4	57832821	G	T	0.0	-3.975	.;.			0.084	.;.		flagged:intergenic	SpliceAI masked is zero at canonical splice sites by design; Benign call is filter artifact, not evidence of safety
RHBDF2	NM_024599.5	c.151-2A>T	Benign synonymous, SpliceAI<=0.1, PhastCons<1.0, PhyloP<0.1, intronic_ROI(-2)	17	74476025	T	A	0.0	-3.796	.;.;.;.;.;.			25.2	.;.;.;.;.;.		ok	SpliceAI masked is zero at canonical splice sites by design; Benign call is filter artifact, not evidence of safety
RHBDF2	NM_024599.5	c.151-2A>G	Benign synonymous, SpliceAI<=0.1, PhastCons<1.0, PhyloP<0.1, intronic_ROI(-2)	17	74476025	T	C	0.0	-3.796	.;.;.;.;.;.			24.1	.;.;.;.;.;.		ok	SpliceAI masked is zero at canonical splice sites by design; Benign call is filter artifact, not evidence of safety
RHBDF2	NM_024599.5	c.151-2A>C	Benign synonymous, SpliceAI<=0.1, PhastCons<1.0, PhyloP<0.1, intronic_ROI(-2)	17	74476025	T	G	0.0	-3.796	.;.;.;.;.;.			24.8	.;.;.;.;.;.		ok	SpliceAI masked is zero at canonical splice sites by design; Benign call is filter artifact, not evidence of safety
RHBDF2	NM_024599.5	c.150+1G>T	Benign synonymous, SpliceAI<=0.1, PhastCons<1.0, PhyloP<0.1, intronic_ROI(+1)	17	74477456	C	A	0.831	0.025	.;.;.;.;.;.;.;.;.;.;.;.;.;.;.;.;.;.;.;.;.;.;.			34.0	.;.;.;.;.;.;.;.;.;.;.;.;.;.;.;.;.;.;.;.;.;.;.		ok	SpliceAI masked is zero at canonical splice sites by design; Benign call is filter artifact, not evidence of safety
RHBDF2	NM_024599.5	c.150+1G>C	Benign synonymous, SpliceAI<=0.1, PhastCons<1.0, PhyloP<0.1, intronic_ROI(+1)	17	74477456	C	G	0.831	0.025	.;.;.;.;.;.;.;.;.;.;.;.;.;.;.;.;.;.;.;.;.;.;.			35.0	.;.;.;.;.;.;.;.;.;.;.;.;.;.;.;.;.;.;.;.;.;.;.		ok	SpliceAI masked is zero at canonical splice sites by design; Benign call is filter artifact, not evidence of safety
RHBDF2	NM_024599.5	c.150+1G>A	Benign synonymous, SpliceAI<=0.1, PhastCons<1.0, PhyloP<0.1, intronic_ROI(+1)	17	74477456	C	T	0.831	0.025	.;.;.;.;.;.;.;.;.;.;.;.;.;.;.;.;.;.;.;.;.;.;.			35.0	.;.;.;.;.;.;.;.;.;.;.;.;.;.;.;.;.;.;.;.;.;.;.		ok	SpliceAI masked is zero at canonical splice sites by design; Benign call is filter artifact, not evidence of safety
RPS20	NM_001023.3	c.316-1G>T	Benign synonymous, SpliceAI<=0.1, PhastCons<1.0, PhyloP<0.1, intronic_ROI(-1)	8	56982393	C	A	0.022	-0.662	.;.			3.558	.;.		flagged:intergenic	SpliceAI masked is zero at canonical splice sites by design; Benign call is filter artifact, not evidence of safety
RPS20	NM_001023.3	c.316-1G>C	Benign synonymous, SpliceAI<=0.1, PhastCons<1.0, PhyloP<0.1, intronic_ROI(-1)	8	56982393	C	G	0.022	-0.662	.;.			3.693	.;.		flagged:intergenic	SpliceAI masked is zero at canonical splice sites by design; Benign call is filter artifact, not evidence of safety
RPS20	NM_001023.3	c.316-1G>A	Benign synonymous, SpliceAI<=0.1, PhastCons<1.0, PhyloP<0.1, intronic_ROI(-1)	8	56982393	C	T	0.022	-0.662	.;.			4.213	.;.		flagged:intergenic	SpliceAI masked is zero at canonical splice sites by design; Benign call is filter artifact, not evidence of safety
RTEL1	NM_001283009.2	c.3343+2C>A	Benign synonymous, SpliceAI<=0.1, PhastCons<1.0, PhyloP<0.1, intronic_ROI(+2)	20	62326329	C	A	0.649	0.056	.;.;.;.;.;.;.;.;.;.;.;.;.;.;.;.;.;.			20.5	.;.;.;.;.;.;.;.;.;.;.;.;.;.;.;.;.;.		ok	SpliceAI masked is zero at canonical splice sites by design; Benign call is filter artifact, not evidence of safety
RTEL1	NM_001283009.2	c.3343+2C>G	Benign synonymous, SpliceAI<=0.1, PhastCons<1.0, PhyloP<0.1, intronic_ROI(+2)	20	62326329	C	G	0.649	0.056	.;.;.;.;.;.;.;.;.;.;.;.;.;.;.;.;.;.			20.3	.;.;.;.;.;.;.;.;.;.;.;.;.;.;.;.;.;.		ok	SpliceAI masked is zero at canonical splice sites by design; Benign call is filter artifact, not evidence of safety
RTEL1	NM_001283009.2	c.3343+2C>T	Benign synonymous, SpliceAI<=0.1, PhastCons<1.0, PhyloP<0.1, intronic_ROI(+2)	20	62326329	C	T	0.649	0.056	.;.;.;.;.;.;.;.;.;.;.;.;.;.;.;.;.;.			19.1	.;.;.;.;.;.;.;.;.;.;.;.;.;.;.;.;.;.		ok	SpliceAI masked is zero at canonical splice sites by design; Benign call is filter artifact, not evidence of safety
RTEL1	NM_001283009.2	c.3500-1G>A	Benign synonymous, SpliceAI<=0.1, PhastCons<1.0, PhyloP<0.1, intronic_ROI(-1)	20	62326680	G	A	0.0	-0.55	.;.;.;.;.;.;.;.;.;.;.;.;.;.;.;.;.;.;.		1.61100e-05	28.8	.;.;.;.;.;.;.;.;.;.;.;.;.;.;.;.;.;.;.	Likely_pathogenic	ok	SpliceAI masked is zero at canonical splice sites by design; Benign call is filter artifact, not evidence of safety
RTEL1	NM_001283009.2	c.3500-1G>C	Benign synonymous, SpliceAI<=0.1, PhastCons<1.0, PhyloP<0.1, intronic_ROI(-1)	20	62326680	G	C	0.0	-0.55	.;.;.;.;.;.;.;.;.;.;.;.;.;.;.;.;.;.;.			24.7	.;.;.;.;.;.;.;.;.;.;.;.;.;.;.;.;.;.;.		ok	SpliceAI masked is zero at canonical splice sites by design; Benign call is filter artifact, not evidence of safety
RTEL1	NM_001283009.2	c.3500-1G>T	Benign synonymous, SpliceAI<=0.1, PhastCons<1.0, PhyloP<0.1, intronic_ROI(-1)	20	62326680	G	T	0.0	-0.55	.;.;.;.;.;.;.;.;.;.;.;.;.;.;.;.;.;.;.			25.2	.;.;.;.;.;.;.;.;.;.;.;.;.;.;.;.;.;.;.		ok	SpliceAI masked is zero at canonical splice sites by design; Benign call is filter artifact, not evidence of safety
SLX4	NM_032444.4	c.535+2T>G	Benign synonymous, SpliceAI<=0.1, PhastCons<1.0, PhyloP<0.1, intronic_ROI(+2)	16	3658429	A	C	0.0	0.002				17.02			ok	SpliceAI masked is zero at canonical splice sites by design; Benign call is filter artifact, not evidence of safety
SLX4	NM_032444.4	c.535+2T>C	Benign synonymous, SpliceAI<=0.1, PhastCons<1.0, PhyloP<0.1, intronic_ROI(+2)	16	3658429	A	G	0.0	0.002				14.91			ok	SpliceAI masked is zero at canonical splice sites by design; Benign call is filter artifact, not evidence of safety
SLX4	NM_032444.4	c.535+2T>A	Benign synonymous, SpliceAI<=0.1, PhastCons<1.0, PhyloP<0.1, intronic_ROI(+2)	16	3658429	A	T	0.0	0.002				17.1			ok	SpliceAI masked is zero at canonical splice sites by design; Benign call is filter artifact, not evidence of safety
SLX4	NM_032444.4	c.535+1G>T	Benign synonymous, SpliceAI<=0.1, PhastCons<1.0, PhyloP<0.1, intronic_ROI(+1)	16	3658430	C	A	0.0	-0.409				15.37			ok	SpliceAI masked is zero at canonical splice sites by design; Benign call is filter artifact, not evidence of safety
SLX4	NM_032444.4	c.535+1G>C	Benign synonymous, SpliceAI<=0.1, PhastCons<1.0, PhyloP<0.1, intronic_ROI(+1)	16	3658430	C	G	0.0	-0.409				14.14			ok	SpliceAI masked is zero at canonical splice sites by design; Benign call is filter artifact, not evidence of safety
SLX4	NM_032444.4	c.535+1G>A	Benign synonymous, SpliceAI<=0.1, PhastCons<1.0, PhyloP<0.1, intronic_ROI(+1)	16	3658430	C	T	0.0	-0.409				14.01			ok	SpliceAI masked is zero at canonical splice sites by design; Benign call is filter artifact, not evidence of safety
SMARCA4	NM_001128849.2	c.589-1G>A	Benign synonymous, SpliceAI<=0.1, PhastCons<1.0, PhyloP<0.1, intronic_ROI(-1)	19	11098451	G	A	0.0	-3.026			7.28200e-05	3.079		Likely_benign	flagged:intergenic	SpliceAI masked is zero at canonical splice sites by design; Benign call is filter artifact, not evidence of safety
SMARCA4	NM_001128849.2	c.589-1G>C	Benign synonymous, SpliceAI<=0.1, PhastCons<1.0, PhyloP<0.1, intronic_ROI(-1)	19	11098451	G	C	0.0	-3.026			1.25000e-06	0.172		Likely_benign	flagged:intergenic	SpliceAI masked is zero at canonical splice sites by design; Benign call is filter artifact, not evidence of safety
SMARCA4	NM_001128849.2	c.589-1G>T	Benign synonymous, SpliceAI<=0.1, PhastCons<1.0, PhyloP<0.1, intronic_ROI(-1)	19	11098451	G	T	0.0	-3.026				0.312		Conflicting_classifications_of_pathogenicity	flagged:intergenic	SpliceAI masked is zero at canonical splice sites by design; Benign call is filter artifact, not evidence of safety
SMARCA4	NM_001128849.2	c.1246-2A>C	Benign synonymous, SpliceAI<=0.1, PhastCons<1.0, PhyloP<0.1, intronic_ROI(-2)	19	11101794	A	C	0.0	-3.538				0.042			flagged:intergenic	SpliceAI masked is zero at canonical splice sites by design; Benign call is filter artifact, not evidence of safety
SMARCA4	NM_001128849.2	c.1246-2A>G	Benign synonymous, SpliceAI<=0.1, PhastCons<1.0, PhyloP<0.1, intronic_ROI(-2)	19	11101794	A	G	0.0	-3.538				0.047			flagged:intergenic	SpliceAI masked is zero at canonical splice sites by design; Benign call is filter artifact, not evidence of safety
SMARCA4	NM_001128849.2	c.1246-2A>T	Benign synonymous, SpliceAI<=0.1, PhastCons<1.0, PhyloP<0.1, intronic_ROI(-2)	19	11101794	A	T	0.0	-3.538				0.01			flagged:intergenic	SpliceAI masked is zero at canonical splice sites by design; Benign call is filter artifact, not evidence of safety
SMARCA4	NM_001128849.2	c.1246-1G>A	Benign synonymous, SpliceAI<=0.1, PhastCons<1.0, PhyloP<0.1, intronic_ROI(-1)	19	11101795	G	A	0.0	-0.933				0.357			flagged:intergenic	SpliceAI masked is zero at canonical splice sites by design; Benign call is filter artifact, not evidence of safety
SMARCA4	NM_001128849.2	c.1246-1G>C	Benign synonymous, SpliceAI<=0.1, PhastCons<1.0, PhyloP<0.1, intronic_ROI(-1)	19	11101795	G	C	0.0	-0.933				0.241			flagged:intergenic	SpliceAI masked is zero at canonical splice sites by design; Benign call is filter artifact, not evidence of safety
SMARCA4	NM_001128849.2	c.1246-1G>T	Benign synonymous, SpliceAI<=0.1, PhastCons<1.0, PhyloP<0.1, intronic_ROI(-1)	19	11101795	G	T	0.0	-0.933				0.246			flagged:intergenic	SpliceAI masked is zero at canonical splice sites by design; Benign call is filter artifact, not evidence of safety
SMARCA4	NM_001128849.2	c.2002-1G>A	Benign synonymous, SpliceAI<=0.1, PhastCons<1.0, PhyloP<0.1, intronic_ROI(-1)	19	11118583	G	A	0.138	-0.452	.;.			7.356	.;.	Likely_benign	flagged:intergenic	SpliceAI masked is zero at canonical splice sites by design; Benign call is filter artifact, not evidence of safety
SMARCA4	NM_001128849.2	c.2002-1G>C	Benign synonymous, SpliceAI<=0.1, PhastCons<1.0, PhyloP<0.1, intronic_ROI(-1)	19	11118583	G	C	0.138	-0.452	.;.			18.29	.;.		flagged:intergenic	SpliceAI masked is zero at canonical splice sites by design; Benign call is filter artifact, not evidence of safety
SMARCA4	NM_001128849.2	c.2002-1G>T	Benign synonymous, SpliceAI<=0.1, PhastCons<1.0, PhyloP<0.1, intronic_ROI(-1)	19	11118583	G	T	0.138	-0.452	.;.			18.59	.;.		flagged:intergenic	SpliceAI masked is zero at canonical splice sites by design; Benign call is filter artifact, not evidence of safety
SMARCA4	NM_001128849.2	c.2002-1G>A	Benign synonymous, SpliceAI<=0.1, PhastCons<1.0, PhyloP<0.1, intronic_ROI(-1)	19	11118586	G	A	0.387	-0.251			2.80000e-07	9.064		Likely_benign	flagged:intergenic	SpliceAI masked is zero at canonical splice sites by design; Benign call is filter artifact, not evidence of safety
SMARCA4	NM_001128849.2	c.2002-1G>C	Benign synonymous, SpliceAI<=0.1, PhastCons<1.0, PhyloP<0.1, intronic_ROI(-1)	19	11118586	G	C	0.387	-0.251				19.87			flagged:intergenic	SpliceAI masked is zero at canonical splice sites by design; Benign call is filter artifact, not evidence of safety
SMARCA4	NM_001128849.2	c.2002-1G>T	Benign synonymous, SpliceAI<=0.1, PhastCons<1.0, PhyloP<0.1, intronic_ROI(-1)	19	11118586	G	T	0.387	-0.251				20.2			flagged:intergenic	SpliceAI masked is zero at canonical splice sites by design; Benign call is filter artifact, not evidence of safety
SMARCA4	NM_001128849.2	c.4072-2A>C	Benign synonymous, SpliceAI<=0.1, PhastCons<1.0, PhyloP<0.1, intronic_ROI(-2)	19	11150132	A	C	0.005	-0.126	.;.;.;.;.;.;.;.;.;.;.		2.49000e-06	33.0	.;.;.;.;.;.;.;.;.;.;.		flagged:intergenic	SpliceAI masked is zero at canonical splice sites by design; Benign call is filter artifact, not evidence of safety
SMARCA4	NM_001128849.2	c.4072-2A>G	Benign synonymous, SpliceAI<=0.1, PhastCons<1.0, PhyloP<0.1, intronic_ROI(-2)	19	11150132	A	G	0.005	-0.126	.;.;.;.;.;.;.;.;.;.;.			27.5	.;.;.;.;.;.;.;.;.;.;.		flagged:intergenic	SpliceAI masked is zero at canonical splice sites by design; Benign call is filter artifact, not evidence of safety
SMARCA4	NM_001128849.2	c.4072-2A>T	Benign synonymous, SpliceAI<=0.1, PhastCons<1.0, PhyloP<0.1, intronic_ROI(-2)	19	11150132	A	T	0.005	-0.126	.;.;.;.;.;.;.;.;.;.;.			34.0	.;.;.;.;.;.;.;.;.;.;.		flagged:intergenic	SpliceAI masked is zero at canonical splice sites by design; Benign call is filter artifact, not evidence of safety
SMARCA4	NM_001128849.2	c.4072-1G>A	Benign synonymous, SpliceAI<=0.1, PhastCons<1.0, PhyloP<0.1, intronic_ROI(-1)	19	11150133	G	A	0.005	-0.105	.;.;.;.;.;.;.;.;.;.;.			33.0	.;.;.;.;.;.;.;.;.;.;.		flagged:intergenic	SpliceAI masked is zero at canonical splice sites by design; Benign call is filter artifact, not evidence of safety
SMARCA4	NM_001128849.2	c.4072-1G>C	Benign synonymous, SpliceAI<=0.1, PhastCons<1.0, PhyloP<0.1, intronic_ROI(-1)	19	11150133	G	C	0.005	-0.105	.;.;.;.;.;.;.;.;.;.;.			32.0	.;.;.;.;.;.;.;.;.;.;.		flagged:intergenic	SpliceAI masked is zero at canonical splice sites by design; Benign call is filter artifact, not evidence of safety
SMARCA4	NM_001128849.2	c.4072-1G>T	Benign synonymous, SpliceAI<=0.1, PhastCons<1.0, PhyloP<0.1, intronic_ROI(-1)	19	11150133	G	T	0.005	-0.105	.;.;.;.;.;.;.;.;.;.;.			34.0	.;.;.;.;.;.;.;.;.;.;.		flagged:intergenic	SpliceAI masked is zero at canonical splice sites by design; Benign call is filter artifact, not evidence of safety
SMARCA4	NM_001128849.2	c.4167+1G>A	Benign synonymous, SpliceAI<=0.1, PhastCons<1.0, PhyloP<0.1, intronic_ROI(+1)	19	11150230	G	A	0.012	-0.196	.;.;.;.;.;.;.;.;.;.;.			17.41	.;.;.;.;.;.;.;.;.;.;.		flagged:intergenic	SpliceAI masked is zero at canonical splice sites by design; Benign call is filter artifact, not evidence of safety
SMARCA4	NM_001128849.2	c.4167+1G>C	Benign synonymous, SpliceAI<=0.1, PhastCons<1.0, PhyloP<0.1, intronic_ROI(+1)	19	11150230	G	C	0.012	-0.196	.;.;.;.;.;.;.;.;.;.;.			16.95	.;.;.;.;.;.;.;.;.;.;.	Uncertain_significance	flagged:intergenic	SpliceAI masked is zero at canonical splice sites by design; Benign call is filter artifact, not evidence of safety
SMARCA4	NM_001128849.2	c.4167+1G>T	Benign synonymous, SpliceAI<=0.1, PhastCons<1.0, PhyloP<0.1, intronic_ROI(+1)	19	11150230	G	T	0.012	-0.196	.;.;.;.;.;.;.;.;.;.;.			18.21	.;.;.;.;.;.;.;.;.;.;.	Uncertain_significance	flagged:intergenic	SpliceAI masked is zero at canonical splice sites by design; Benign call is filter artifact, not evidence of safety
SMARCA4	NM_001128849.2	c.4167+2T>A	Benign synonymous, SpliceAI<=0.1, PhastCons<1.0, PhyloP<0.1, intronic_ROI(+2)	19	11150231	T	A	0.014	-0.319	.;.;.;.;.;.;.;.;.;.;.			16.67	.;.;.;.;.;.;.;.;.;.;.	Uncertain_significance	flagged:intergenic	SpliceAI masked is zero at canonical splice sites by design; Benign call is filter artifact, not evidence of safety
SMARCA4	NM_001128849.2	c.4167+2T>C	Benign synonymous, SpliceAI<=0.1, PhastCons<1.0, PhyloP<0.1, intronic_ROI(+2)	19	11150231	T	C	0.014	-0.319	.;.;.;.;.;.;.;.;.;.;.			14.97	.;.;.;.;.;.;.;.;.;.;.	Uncertain_significance	flagged:intergenic	SpliceAI masked is zero at canonical splice sites by design; Benign call is filter artifact, not evidence of safety
SMARCA4	NM_001128849.2	c.4167+2T>G	Benign synonymous, SpliceAI<=0.1, PhastCons<1.0, PhyloP<0.1, intronic_ROI(+2)	19	11150231	T	G	0.014	-0.319	.;.;.;.;.;.;.;.;.;.;.			17.31	.;.;.;.;.;.;.;.;.;.;.		flagged:intergenic	SpliceAI masked is zero at canonical splice sites by design; Benign call is filter artifact, not evidence of safety
SMARCA4	NM_001128849.2	c.1039-2A>C	Benign synonymous, SpliceAI<=0.1, PhastCons<1.0, PhyloP<0.1, intronic_ROI(-2)	19	11175867	A	C	0.003	-0.006				4.319			flagged:intergenic	SpliceAI masked is zero at canonical splice sites by design; Benign call is filter artifact, not evidence of safety
SMARCA4	NM_001128849.2	c.1039-2A>G	Benign synonymous, SpliceAI<=0.1, PhastCons<1.0, PhyloP<0.1, intronic_ROI(-2)	19	11175867	A	G	0.003	-0.006				4.586			flagged:intergenic	SpliceAI masked is zero at canonical splice sites by design; Benign call is filter artifact, not evidence of safety
SMARCA4	NM_001128849.2	c.1039-2A>T	Benign synonymous, SpliceAI<=0.1, PhastCons<1.0, PhyloP<0.1, intronic_ROI(-2)	19	11175867	A	T	0.003	-0.006				4.201			flagged:intergenic	SpliceAI masked is zero at canonical splice sites by design; Benign call is filter artifact, not evidence of safety
SMARCA4	NM_001128849.2	c.1039-1G>A	Benign synonymous, SpliceAI<=0.1, PhastCons<1.0, PhyloP<0.1, intronic_ROI(-1)	19	11175868	G	A	0.002	-0.432				3.048			flagged:intergenic	SpliceAI masked is zero at canonical splice sites by design; Benign call is filter artifact, not evidence of safety
SMARCA4	NM_001128849.2	c.1039-1G>C	Benign synonymous, SpliceAI<=0.1, PhastCons<1.0, PhyloP<0.1, intronic_ROI(-1)	19	11175868	G	C	0.002	-0.432				2.636			flagged:intergenic	SpliceAI masked is zero at canonical splice sites by design; Benign call is filter artifact, not evidence of safety
SMARCA4	NM_001128849.2	c.1039-1G>T	Benign synonymous, SpliceAI<=0.1, PhastCons<1.0, PhyloP<0.1, intronic_ROI(-1)	19	11175868	G	T	0.002	-0.432				2.49			flagged:intergenic	SpliceAI masked is zero at canonical splice sites by design; Benign call is filter artifact, not evidence of safety
TERT	NM_198253.3	c.3295+2C>T	Benign synonymous, SpliceAI<=0.1, PhastCons<1.0, PhyloP<0.1, intronic_ROI(+2)	5	1254481	G	A	0.0	0.089	.;.;.;.			15.77	.;.;.;.	Uncertain_significance	ok	SpliceAI masked is zero at canonical splice sites by design; Benign call is filter artifact, not evidence of safety
TERT	NM_198253.3	c.3295+2C>G	Benign synonymous, SpliceAI<=0.1, PhastCons<1.0, PhyloP<0.1, intronic_ROI(+2)	5	1254481	G	C	0.0	0.089	.;.;.;.			17.38	.;.;.;.		ok	SpliceAI masked is zero at canonical splice sites by design; Benign call is filter artifact, not evidence of safety
TERT	NM_198253.3	c.3295+2C>A	Benign synonymous, SpliceAI<=0.1, PhastCons<1.0, PhyloP<0.1, intronic_ROI(+2)	5	1254481	G	T	0.0	0.089	.;.;.;.			17.51	.;.;.;.		ok	SpliceAI masked is zero at canonical splice sites by design; Benign call is filter artifact, not evidence of safety
TP53	NM_000546.5	c.783-1G>T	Benign synonymous, SpliceAI<=0.1, PhastCons<1.0, PhyloP<0.1, intronic_ROI(-1)	17	7565333	C	A	0.015	-0.953				3.879			flagged:intergenic	SpliceAI masked is zero at canonical splice sites by design; Benign call is filter artifact, not evidence of safety
TP53	NM_000546.5	c.783-1G>C	Benign synonymous, SpliceAI<=0.1, PhastCons<1.0, PhyloP<0.1, intronic_ROI(-1)	17	7565333	C	G	0.015	-0.953				3.153			flagged:intergenic	SpliceAI masked is zero at canonical splice sites by design; Benign call is filter artifact, not evidence of safety
TP53	NM_000546.5	c.783-1G>A	Benign synonymous, SpliceAI<=0.1, PhastCons<1.0, PhyloP<0.1, intronic_ROI(-1)	17	7565333	C	T	0.015	-0.953				5.039			flagged:intergenic	SpliceAI masked is zero at canonical splice sites by design; Benign call is filter artifact, not evidence of safety
TP53	NM_000546.5	c.783-2A>T	Benign synonymous, SpliceAI<=0.1, PhastCons<1.0, PhyloP<0.1, intronic_ROI(-2)	17	7565334	T	A	0.012	-1.058				7.032			flagged:intergenic	SpliceAI masked is zero at canonical splice sites by design; Benign call is filter artifact, not evidence of safety
TP53	NM_000546.5	c.783-2A>G	Benign synonymous, SpliceAI<=0.1, PhastCons<1.0, PhyloP<0.1, intronic_ROI(-2)	17	7565334	T	C	0.012	-1.058				6.804			flagged:intergenic	SpliceAI masked is zero at canonical splice sites by design; Benign call is filter artifact, not evidence of safety
TP53	NM_000546.5	c.783-2A>C	Benign synonymous, SpliceAI<=0.1, PhastCons<1.0, PhyloP<0.1, intronic_ROI(-2)	17	7565334	T	G	0.012	-1.058				7.364			flagged:intergenic	SpliceAI masked is zero at canonical splice sites by design; Benign call is filter artifact, not evidence of safety
TP53	NM_000546.5	c.994-1G>T	Benign synonymous, SpliceAI<=0.1, PhastCons<1.0, PhyloP<0.1, intronic_ROI(-1)	17	7569563	C	A	0.017	-0.131	.;.			13.68	.;.		flagged:intergenic	SpliceAI masked is zero at canonical splice sites by design; Benign call is filter artifact, not evidence of safety
TP53	NM_000546.5	c.994-1G>C	Benign synonymous, SpliceAI<=0.1, PhastCons<1.0, PhyloP<0.1, intronic_ROI(-1)	17	7569563	C	G	0.017	-0.131	.;.			12.49	.;.		flagged:intergenic	SpliceAI masked is zero at canonical splice sites by design; Benign call is filter artifact, not evidence of safety
TP53	NM_000546.5	c.994-1G>A	Benign synonymous, SpliceAI<=0.1, PhastCons<1.0, PhyloP<0.1, intronic_ROI(-1)	17	7569563	C	T	0.017	-0.131	.;.			14.17	.;.		flagged:intergenic	SpliceAI masked is zero at canonical splice sites by design; Benign call is filter artifact, not evidence of safety
TP53	NM_000546.5	c.994-2A>T	Benign synonymous, SpliceAI<=0.1, PhastCons<1.0, PhyloP<0.1, intronic_ROI(-2)	17	7569564	T	A	0.006	-1.293	.;.			11.47	.;.		flagged:intergenic	SpliceAI masked is zero at canonical splice sites by design; Benign call is filter artifact, not evidence of safety
TP53	NM_000546.5	c.994-2A>G	Benign synonymous, SpliceAI<=0.1, PhastCons<1.0, PhyloP<0.1, intronic_ROI(-2)	17	7569564	T	C	0.006	-1.293	.;.			10.54	.;.		flagged:intergenic	SpliceAI masked is zero at canonical splice sites by design; Benign call is filter artifact, not evidence of safety
TP53	NM_000546.5	c.994-2A>C	Benign synonymous, SpliceAI<=0.1, PhastCons<1.0, PhyloP<0.1, intronic_ROI(-2)	17	7569564	T	G	0.006	-1.293	.;.			11.76	.;.		flagged:intergenic	SpliceAI masked is zero at canonical splice sites by design; Benign call is filter artifact, not evidence of safety
