gene	transcript	hgvs_c	classification	chr_grch37	pos_grch37	ref	alt	review_reason
ACD	NM_001082486.2	c.1207-1G>A	Benign synonymous, SpliceAI<=0.1, PhastCons<1.0, PhyloP<0.1	16	67691745	C	T	SpliceAI masked is zero at canonical splice sites by design; Benign call is filter artifact, not evidence of safety
ACD	NM_001082486.2	c.986+1G>T	Benign synonymous, SpliceAI<=0.1, PhastCons<1.0, PhyloP<0.1	16	67692108	C	A	SpliceAI masked is zero at canonical splice sites by design; Benign call is filter artifact, not evidence of safety
ACD	NM_001082486.2	c.986+1G>C	Benign synonymous, SpliceAI<=0.1, PhastCons<1.0, PhyloP<0.1	16	67692108	C	G	SpliceAI masked is zero at canonical splice sites by design; Benign call is filter artifact, not evidence of safety
ACD	NM_001082486.2	c.986+1G>A	Benign synonymous, SpliceAI<=0.1, PhastCons<1.0, PhyloP<0.1	16	67692108	C	T	SpliceAI masked is zero at canonical splice sites by design; Benign call is filter artifact, not evidence of safety
AIP	NM_003977.4	c.469-2A>C	Benign synonymous, SpliceAI<=0.1, PhastCons<1.0, PhyloP<0.1	11	67258466	A	C	SpliceAI masked is zero at canonical splice sites by design; Benign call is filter artifact, not evidence of safety
AIP	NM_003977.4	c.469-2A>G	Benign synonymous, SpliceAI<=0.1, PhastCons<1.0, PhyloP<0.1	11	67258466	A	G	SpliceAI masked is zero at canonical splice sites by design; Benign call is filter artifact, not evidence of safety
AIP	NM_003977.4	c.469-2A>T	Benign synonymous, SpliceAI<=0.1, PhastCons<1.0, PhyloP<0.1	11	67258466	A	T	SpliceAI masked is zero at canonical splice sites by design; Benign call is filter artifact, not evidence of safety
ANKRD26	NM_014915.2	c.639-1G>T	Benign synonymous, SpliceAI<=0.1, PhastCons<1.0, PhyloP<0.1	10	27375536	C	A	SpliceAI masked is zero at canonical splice sites by design; Benign call is filter artifact, not evidence of safety
ANKRD26	NM_014915.2	c.639-1G>C	Benign synonymous, SpliceAI<=0.1, PhastCons<1.0, PhyloP<0.1	10	27375536	C	G	SpliceAI masked is zero at canonical splice sites by design; Benign call is filter artifact, not evidence of safety
ANKRD26	NM_014915.2	c.639-1G>A	Benign synonymous, SpliceAI<=0.1, PhastCons<1.0, PhyloP<0.1	10	27375536	C	T	SpliceAI masked is zero at canonical splice sites by design; Benign call is filter artifact, not evidence of safety
BARD1	NM_000465.4	c.1811-2A>T	Benign synonymous, SpliceAI<=0.1, PhastCons<1.0, PhyloP<0.1	2	215609855	T	A	SpliceAI masked is zero at canonical splice sites by design; Benign call is filter artifact, not evidence of safety
BARD1	NM_000465.4	c.1811-2A>G	Benign synonymous, SpliceAI<=0.1, PhastCons<1.0, PhyloP<0.1	2	215609855	T	C	SpliceAI masked is zero at canonical splice sites by design; Benign call is filter artifact, not evidence of safety
BARD1	NM_000465.4	c.1811-2A>C	Benign synonymous, SpliceAI<=0.1, PhastCons<1.0, PhyloP<0.1	2	215609855	T	G	SpliceAI masked is zero at canonical splice sites by design; Benign call is filter artifact, not evidence of safety
BARD1	NM_000465.4	c.1398+1G>T	Benign synonymous, SpliceAI<=0.1, PhastCons<1.0, PhyloP<0.1	2	215633952	C	A	SpliceAI masked is zero at canonical splice sites by design; Benign call is filter artifact, not evidence of safety
BARD1	NM_000465.4	c.1398+1G>C	Benign synonymous, SpliceAI<=0.1, PhastCons<1.0, PhyloP<0.1	2	215633952	C	G	SpliceAI masked is zero at canonical splice sites by design; Benign call is filter artifact, not evidence of safety
BARD1	NM_000465.4	c.1398+1G>A	Benign synonymous, SpliceAI<=0.1, PhastCons<1.0, PhyloP<0.1	2	215633952	C	T	SpliceAI masked is zero at canonical splice sites by design; Benign call is filter artifact, not evidence of safety
BARD1	NM_000465.4	c.906+2T>G	Benign synonymous, SpliceAI<=0.1, PhastCons<1.0, PhyloP<0.1	2	215645690	A	C	SpliceAI masked is zero at canonical splice sites by design; Benign call is filter artifact, not evidence of safety
BARD1	NM_000465.4	c.906+2T>C	Benign synonymous, SpliceAI<=0.1, PhastCons<1.0, PhyloP<0.1	2	215645690	A	G	SpliceAI masked is zero at canonical splice sites by design; Benign call is filter artifact, not evidence of safety
BARD1	NM_000465.4	c.906+2T>A	Benign synonymous, SpliceAI<=0.1, PhastCons<1.0, PhyloP<0.1	2	215645690	A	T	SpliceAI masked is zero at canonical splice sites by design; Benign call is filter artifact, not evidence of safety
BARD1	NM_000465.4	c.906+1G>T	Benign synonymous, SpliceAI<=0.1, PhastCons<1.0, PhyloP<0.1	2	215645691	C	A	SpliceAI masked is zero at canonical splice sites by design; Benign call is filter artifact, not evidence of safety
BARD1	NM_000465.4	c.906+1G>C	Benign synonymous, SpliceAI<=0.1, PhastCons<1.0, PhyloP<0.1	2	215645691	C	G	SpliceAI masked is zero at canonical splice sites by design; Benign call is filter artifact, not evidence of safety
BARD1	NM_000465.4	c.906+1G>A	Benign synonymous, SpliceAI<=0.1, PhastCons<1.0, PhyloP<0.1	2	215645691	C	T	SpliceAI masked is zero at canonical splice sites by design; Benign call is filter artifact, not evidence of safety
BARD1	NM_000465.4	c.154+2T>C	Benign synonymous, SpliceAI<=0.1, PhastCons<1.0, PhyloP<0.1	2	215674138	A	G	SpliceAI masked is zero at canonical splice sites by design; Benign call is filter artifact, not evidence of safety
BARD1	NM_000465.4	c.154+2T>A	Benign synonymous, SpliceAI<=0.1, PhastCons<1.0, PhyloP<0.1	2	215674138	A	T	SpliceAI masked is zero at canonical splice sites by design; Benign call is filter artifact, not evidence of safety
BMPR1A	NM_004329.2	c.869-2A>C	Benign synonymous, SpliceAI<=0.1, PhastCons<1.0, PhyloP<0.1	10	88679101	A	C	SpliceAI masked is zero at canonical splice sites by design; Benign call is filter artifact, not evidence of safety
BMPR1A	NM_004329.2	c.869-2A>G	Benign synonymous, SpliceAI<=0.1, PhastCons<1.0, PhyloP<0.1	10	88679101	A	G	SpliceAI masked is zero at canonical splice sites by design; Benign call is filter artifact, not evidence of safety
BMPR1A	NM_004329.2	c.869-2A>T	Benign synonymous, SpliceAI<=0.1, PhastCons<1.0, PhyloP<0.1	10	88679101	A	T	SpliceAI masked is zero at canonical splice sites by design; Benign call is filter artifact, not evidence of safety
BRCA2	NM_000059.3	c.8954-2A>C	Benign synonymous, SpliceAI<=0.1, PhastCons<1.0, PhyloP<0.1	13	32953936	A	C	SpliceAI masked is zero at canonical splice sites by design; Benign call is filter artifact, not evidence of safety
BRCA2	NM_000059.3	c.8954-2A>G	Benign synonymous, SpliceAI<=0.1, PhastCons<1.0, PhyloP<0.1	13	32953936	A	G	SpliceAI masked is zero at canonical splice sites by design; Benign call is filter artifact, not evidence of safety
BRCA2	NM_000059.3	c.8954-2A>T	Benign synonymous, SpliceAI<=0.1, PhastCons<1.0, PhyloP<0.1	13	32953936	A	T	SpliceAI masked is zero at canonical splice sites by design; Benign call is filter artifact, not evidence of safety
BRCA2	NM_000059.3	c.9649-1G>A	Benign synonymous, SpliceAI<=0.1, PhastCons<1.0, PhyloP<0.1	13	32972360	G	A	SpliceAI masked is zero at canonical splice sites by design; Benign call is filter artifact, not evidence of safety
CASR	NM_001178065.2	c.1609-2A>C	Benign synonymous, SpliceAI<=0.1, PhastCons<1.0, PhyloP<0.1	3	122000928	A	C	SpliceAI masked is zero at canonical splice sites by design; Benign call is filter artifact, not evidence of safety
CASR	NM_001178065.2	c.1609-2A>G	Benign synonymous, SpliceAI<=0.1, PhastCons<1.0, PhyloP<0.1	3	122000928	A	G	SpliceAI masked is zero at canonical splice sites by design; Benign call is filter artifact, not evidence of safety
CASR	NM_001178065.2	c.1609-2A>T	Benign synonymous, SpliceAI<=0.1, PhastCons<1.0, PhyloP<0.1	3	122000928	A	T	SpliceAI masked is zero at canonical splice sites by design; Benign call is filter artifact, not evidence of safety
CASR	NM_001178065.2	c.1609-1G>A	Benign synonymous, SpliceAI<=0.1, PhastCons<1.0, PhyloP<0.1	3	122000929	G	A	SpliceAI masked is zero at canonical splice sites by design; Benign call is filter artifact, not evidence of safety
CASR	NM_001178065.2	c.1609-1G>C	Benign synonymous, SpliceAI<=0.1, PhastCons<1.0, PhyloP<0.1	3	122000929	G	C	SpliceAI masked is zero at canonical splice sites by design; Benign call is filter artifact, not evidence of safety
CASR	NM_001178065.2	c.1609-1G>T	Benign synonymous, SpliceAI<=0.1, PhastCons<1.0, PhyloP<0.1	3	122000929	G	T	SpliceAI masked is zero at canonical splice sites by design; Benign call is filter artifact, not evidence of safety
CBL	NM_005188.4	c.2575+2T>A	Benign synonymous, SpliceAI<=0.1, PhastCons<1.0, PhyloP<0.1	11	119170347	T	A	SpliceAI masked is zero at canonical splice sites by design; Benign call is filter artifact, not evidence of safety
CBL	NM_005188.4	c.2575+2T>C	Benign synonymous, SpliceAI<=0.1, PhastCons<1.0, PhyloP<0.1	11	119170347	T	C	SpliceAI masked is zero at canonical splice sites by design; Benign call is filter artifact, not evidence of safety
CDKN1A	NM_000389.5	c.181+2T>A	Benign synonymous, SpliceAI<=0.1, PhastCons<1.0, PhyloP<0.1	6	36652061	T	A	SpliceAI masked is zero at canonical splice sites by design; Benign call is filter artifact, not evidence of safety
CDKN1A	NM_000389.5	c.181+2T>C	Benign synonymous, SpliceAI<=0.1, PhastCons<1.0, PhyloP<0.1	6	36652061	T	C	SpliceAI masked is zero at canonical splice sites by design; Benign call is filter artifact, not evidence of safety
CDKN1A	NM_000389.5	c.181+2T>G	Benign synonymous, SpliceAI<=0.1, PhastCons<1.0, PhyloP<0.1	6	36652061	T	G	SpliceAI masked is zero at canonical splice sites by design; Benign call is filter artifact, not evidence of safety
CDKN2A	NM_000077.4	c.383+1G>T	Benign synonymous, SpliceAI<=0.1, PhastCons<1.0, PhyloP<0.1	9	21970974	C	A	SpliceAI masked is zero at canonical splice sites by design; Benign call is filter artifact, not evidence of safety
CDKN2A	NM_000077.4	c.383+1G>C	Benign synonymous, SpliceAI<=0.1, PhastCons<1.0, PhyloP<0.1	9	21970974	C	G	SpliceAI masked is zero at canonical splice sites by design; Benign call is filter artifact, not evidence of safety
CDKN2A	NM_000077.4	c.383+1G>A	Benign synonymous, SpliceAI<=0.1, PhastCons<1.0, PhyloP<0.1	9	21970974	C	T	SpliceAI masked is zero at canonical splice sites by design; Benign call is filter artifact, not evidence of safety
CHEK2	NM_007194.4	c.1530+2T>G	Benign synonymous, SpliceAI<=0.1, PhastCons<1.0, PhyloP<0.1	22	29085133	A	C	SpliceAI masked is zero at canonical splice sites by design; Benign call is filter artifact, not evidence of safety
CHEK2	NM_007194.4	c.1530+2T>C	Benign synonymous, SpliceAI<=0.1, PhastCons<1.0, PhyloP<0.1	22	29085133	A	G	SpliceAI masked is zero at canonical splice sites by design; Benign call is filter artifact, not evidence of safety
CHEK2	NM_007194.4	c.1530+2T>A	Benign synonymous, SpliceAI<=0.1, PhastCons<1.0, PhyloP<0.1	22	29085133	A	T	SpliceAI masked is zero at canonical splice sites by design; Benign call is filter artifact, not evidence of safety
CHEK2	NM_007194.4	c.1530+1G>T	Benign synonymous, SpliceAI<=0.1, PhastCons<1.0, PhyloP<0.1	22	29085134	C	A	SpliceAI masked is zero at canonical splice sites by design; Benign call is filter artifact, not evidence of safety
CHEK2	NM_007194.4	c.1530+1G>C	Benign synonymous, SpliceAI<=0.1, PhastCons<1.0, PhyloP<0.1	22	29085134	C	G	SpliceAI masked is zero at canonical splice sites by design; Benign call is filter artifact, not evidence of safety
CHEK2	NM_007194.4	c.1530+1G>A	Benign synonymous, SpliceAI<=0.1, PhastCons<1.0, PhyloP<0.1	22	29085134	C	T	SpliceAI masked is zero at canonical splice sites by design; Benign call is filter artifact, not evidence of safety
CTNNA1	NM_001903.5	c.1336+2T>A	Benign synonymous, SpliceAI<=0.1, PhastCons<1.0, PhyloP<0.1	5	138240079	T	A	SpliceAI masked is zero at canonical splice sites by design; Benign call is filter artifact, not evidence of safety
CTNNA1	NM_001903.5	c.1336+2T>C	Benign synonymous, SpliceAI<=0.1, PhastCons<1.0, PhyloP<0.1	5	138240079	T	C	SpliceAI masked is zero at canonical splice sites by design; Benign call is filter artifact, not evidence of safety
CTNNA1	NM_001903.5	c.1336+2T>G	Benign synonymous, SpliceAI<=0.1, PhastCons<1.0, PhyloP<0.1	5	138240079	T	G	SpliceAI masked is zero at canonical splice sites by design; Benign call is filter artifact, not evidence of safety
DDX41	NM_016222.4	c.1733-2A>T	Benign synonymous, SpliceAI<=0.1, PhastCons<1.0, PhyloP<0.1	5	176938927	T	A	SpliceAI masked is zero at canonical splice sites by design; Benign call is filter artifact, not evidence of safety
DDX41	NM_016222.4	c.1733-2A>G	Benign synonymous, SpliceAI<=0.1, PhastCons<1.0, PhyloP<0.1	5	176938927	T	C	SpliceAI masked is zero at canonical splice sites by design; Benign call is filter artifact, not evidence of safety
DDX41	NM_016222.4	c.1733-2A>C	Benign synonymous, SpliceAI<=0.1, PhastCons<1.0, PhyloP<0.1	5	176938927	T	G	SpliceAI masked is zero at canonical splice sites by design; Benign call is filter artifact, not evidence of safety
DDX41	NM_016222.4	c.574+2T>G	Benign synonymous, SpliceAI<=0.1, PhastCons<1.0, PhyloP<0.1	5	176942681	A	C	SpliceAI masked is zero at canonical splice sites by design; Benign call is filter artifact, not evidence of safety
DDX41	NM_016222.4	c.574+2T>C	Benign synonymous, SpliceAI<=0.1, PhastCons<1.0, PhyloP<0.1	5	176942681	A	G	SpliceAI masked is zero at canonical splice sites by design; Benign call is filter artifact, not evidence of safety
DDX41	NM_016222.4	c.574+2T>A	Benign synonymous, SpliceAI<=0.1, PhastCons<1.0, PhyloP<0.1	5	176942681	A	T	SpliceAI masked is zero at canonical splice sites by design; Benign call is filter artifact, not evidence of safety
DGCR8	NM_022720.7	c.1951+2T>A	Benign synonymous, SpliceAI<=0.1, PhastCons<1.0, PhyloP<0.1	22	20094178	T	A	SpliceAI masked is zero at canonical splice sites by design; Benign call is filter artifact, not evidence of safety
DGCR8	NM_022720.7	c.1951+2T>C	Benign synonymous, SpliceAI<=0.1, PhastCons<1.0, PhyloP<0.1	22	20094178	T	C	SpliceAI masked is zero at canonical splice sites by design; Benign call is filter artifact, not evidence of safety
DIS3L2	NM_152383.4	c.703-1G>A	Benign synonymous, SpliceAI<=0.1, PhastCons<1.0, PhyloP<0.1	2	233028172	G	A	SpliceAI masked is zero at canonical splice sites by design; Benign call is filter artifact, not evidence of safety
DIS3L2	NM_152383.4	c.703-1G>C	Benign synonymous, SpliceAI<=0.1, PhastCons<1.0, PhyloP<0.1	2	233028172	G	C	SpliceAI masked is zero at canonical splice sites by design; Benign call is filter artifact, not evidence of safety
DIS3L2	NM_152383.4	c.703-1G>T	Benign synonymous, SpliceAI<=0.1, PhastCons<1.0, PhyloP<0.1	2	233028172	G	T	SpliceAI masked is zero at canonical splice sites by design; Benign call is filter artifact, not evidence of safety
DIS3L2	NM_152383.4	c.53-2A>C	Benign synonymous, SpliceAI<=0.1, PhastCons<1.0, PhyloP<0.1	2	233028265	A	C	SpliceAI masked is zero at canonical splice sites by design; Benign call is filter artifact, not evidence of safety
DIS3L2	NM_152383.4	c.53-2A>G	Benign synonymous, SpliceAI<=0.1, PhastCons<1.0, PhyloP<0.1	2	233028265	A	G	SpliceAI masked is zero at canonical splice sites by design; Benign call is filter artifact, not evidence of safety
DIS3L2	NM_152383.4	c.53-2A>T	Benign synonymous, SpliceAI<=0.1, PhastCons<1.0, PhyloP<0.1	2	233028265	A	T	SpliceAI masked is zero at canonical splice sites by design; Benign call is filter artifact, not evidence of safety
DKC1	NM_001363.5	c.449-2A>C	Benign synonymous, SpliceAI<=0.1, PhastCons<1.0, PhyloP<0.1	X	153995584	A	C	SpliceAI masked is zero at canonical splice sites by design; Benign call is filter artifact, not evidence of safety
DKC1	NM_001363.5	c.449-2A>G	Benign synonymous, SpliceAI<=0.1, PhastCons<1.0, PhyloP<0.1	X	153995584	A	G	SpliceAI masked is zero at canonical splice sites by design; Benign call is filter artifact, not evidence of safety
DKC1	NM_001363.5	c.449-2A>T	Benign synonymous, SpliceAI<=0.1, PhastCons<1.0, PhyloP<0.1	X	153995584	A	T	SpliceAI masked is zero at canonical splice sites by design; Benign call is filter artifact, not evidence of safety
DKC1	NM_001363.5	c.1244+1G>A	Benign synonymous, SpliceAI<=0.1, PhastCons<1.0, PhyloP<0.1	X	154002966	G	A	SpliceAI masked is zero at canonical splice sites by design; Benign call is filter artifact, not evidence of safety
DKC1	NM_001363.5	c.1244+1G>C	Benign synonymous, SpliceAI<=0.1, PhastCons<1.0, PhyloP<0.1	X	154002966	G	C	SpliceAI masked is zero at canonical splice sites by design; Benign call is filter artifact, not evidence of safety
DKC1	NM_001363.5	c.1244+1G>T	Benign synonymous, SpliceAI<=0.1, PhastCons<1.0, PhyloP<0.1	X	154002966	G	T	SpliceAI masked is zero at canonical splice sites by design; Benign call is filter artifact, not evidence of safety
EGLN2	NM_080732.4	c.1169-2A>G	Benign synonymous, SpliceAI<=0.1, PhastCons<1.0, PhyloP<0.1	19	41313718	A	G	SpliceAI masked is zero at canonical splice sites by design; Benign call is filter artifact, not evidence of safety
EPCAM	NM_002354.3	c.556-1G>A	Benign synonymous, SpliceAI<=0.1, PhastCons<1.0, PhyloP<0.1	2	47606937	G	A	SpliceAI masked is zero at canonical splice sites by design; Benign call is filter artifact, not evidence of safety
EPCAM	NM_002354.3	c.556-1G>C	Benign synonymous, SpliceAI<=0.1, PhastCons<1.0, PhyloP<0.1	2	47606937	G	C	SpliceAI masked is zero at canonical splice sites by design; Benign call is filter artifact, not evidence of safety
EPCAM	NM_002354.3	c.556-1G>T	Benign synonymous, SpliceAI<=0.1, PhastCons<1.0, PhyloP<0.1	2	47606937	G	T	SpliceAI masked is zero at canonical splice sites by design; Benign call is filter artifact, not evidence of safety
ERCC3	NM_000122.2	c.235-2A>T	Benign synonymous, SpliceAI<=0.1, PhastCons<1.0, PhyloP<0.1	2	128050282	T	A	SpliceAI masked is zero at canonical splice sites by design; Benign call is filter artifact, not evidence of safety
ERCC3	NM_000122.2	c.235-2A>G	Benign synonymous, SpliceAI<=0.1, PhastCons<1.0, PhyloP<0.1	2	128050282	T	C	SpliceAI masked is zero at canonical splice sites by design; Benign call is filter artifact, not evidence of safety
ERCC3	NM_000122.2	c.235-2A>C	Benign synonymous, SpliceAI<=0.1, PhastCons<1.0, PhyloP<0.1	2	128050282	T	G	SpliceAI masked is zero at canonical splice sites by design; Benign call is filter artifact, not evidence of safety
ERCC5	NM_000123.3	c.1955-2A>C	Benign synonymous, SpliceAI<=0.1, PhastCons<1.0, PhyloP<0.1	13	103518096	A	C	SpliceAI masked is zero at canonical splice sites by design; Benign call is filter artifact, not evidence of safety
ERCC5	NM_000123.3	c.1955-2A>G	Benign synonymous, SpliceAI<=0.1, PhastCons<1.0, PhyloP<0.1	13	103518096	A	G	SpliceAI masked is zero at canonical splice sites by design; Benign call is filter artifact, not evidence of safety
ERCC5	NM_000123.3	c.1955-2A>T	Benign synonymous, SpliceAI<=0.1, PhastCons<1.0, PhyloP<0.1	13	103518096	A	T	SpliceAI masked is zero at canonical splice sites by design; Benign call is filter artifact, not evidence of safety
FANCA	NM_000135.4	c.436-1G>T	Benign synonymous, SpliceAI<=0.1, PhastCons<1.0, PhyloP<0.1	16	89805335	C	A	SpliceAI masked is zero at canonical splice sites by design; Benign call is filter artifact, not evidence of safety
FANCA	NM_000135.4	c.436-1G>C	Benign synonymous, SpliceAI<=0.1, PhastCons<1.0, PhyloP<0.1	16	89805335	C	G	SpliceAI masked is zero at canonical splice sites by design; Benign call is filter artifact, not evidence of safety
FANCA	NM_000135.4	c.436-1G>A	Benign synonymous, SpliceAI<=0.1, PhastCons<1.0, PhyloP<0.1	16	89805335	C	T	SpliceAI masked is zero at canonical splice sites by design; Benign call is filter artifact, not evidence of safety
FANCA	NM_000135.4	c.436-2A>T	Benign synonymous, SpliceAI<=0.1, PhastCons<1.0, PhyloP<0.1	16	89805336	T	A	SpliceAI masked is zero at canonical splice sites by design; Benign call is filter artifact, not evidence of safety
FANCA	NM_000135.4	c.436-2A>G	Benign synonymous, SpliceAI<=0.1, PhastCons<1.0, PhyloP<0.1	16	89805336	T	C	SpliceAI masked is zero at canonical splice sites by design; Benign call is filter artifact, not evidence of safety
FANCA	NM_000135.4	c.436-2A>C	Benign synonymous, SpliceAI<=0.1, PhastCons<1.0, PhyloP<0.1	16	89805336	T	G	SpliceAI masked is zero at canonical splice sites by design; Benign call is filter artifact, not evidence of safety
FANCA	NM_000135.4	c.541+1G>C	Benign synonymous, SpliceAI<=0.1, PhastCons<1.0, PhyloP<0.1	16	89805545	C	G	SpliceAI masked is zero at canonical splice sites by design; Benign call is filter artifact, not evidence of safety
FANCA	NM_000135.4	c.541+1G>A	Benign synonymous, SpliceAI<=0.1, PhastCons<1.0, PhyloP<0.1	16	89805545	C	T	SpliceAI masked is zero at canonical splice sites by design; Benign call is filter artifact, not evidence of safety
FANCA	NM_000135.4	c.887+1G>C	Benign synonymous, SpliceAI<=0.1, PhastCons<1.0, PhyloP<0.1	16	89865579	C	G	SpliceAI masked is zero at canonical splice sites by design; Benign call is filter artifact, not evidence of safety
FANCA	NM_000135.4	c.887+1G>A	Benign synonymous, SpliceAI<=0.1, PhastCons<1.0, PhyloP<0.1	16	89865579	C	T	SpliceAI masked is zero at canonical splice sites by design; Benign call is filter artifact, not evidence of safety
FANCD2	NM_033084.5	c.1948-1G>A	Benign synonymous, SpliceAI<=0.1, PhastCons<1.0, PhyloP<0.1	3	10106075	G	A	SpliceAI masked is zero at canonical splice sites by design; Benign call is filter artifact, not evidence of safety
FANCD2	NM_033084.5	c.1948-1G>T	Benign synonymous, SpliceAI<=0.1, PhastCons<1.0, PhyloP<0.1	3	10106075	G	T	SpliceAI masked is zero at canonical splice sites by design; Benign call is filter artifact, not evidence of safety
FANCE	NM_021922.3	c.1302+2T>A	Benign synonymous, SpliceAI<=0.1, PhastCons<1.0, PhyloP<0.1	6	35427525	T	A	SpliceAI masked is zero at canonical splice sites by design; Benign call is filter artifact, not evidence of safety
FANCE	NM_021922.3	c.1302+2T>C	Benign synonymous, SpliceAI<=0.1, PhastCons<1.0, PhyloP<0.1	6	35427525	T	C	SpliceAI masked is zero at canonical splice sites by design; Benign call is filter artifact, not evidence of safety
FANCE	NM_021922.3	c.1302+2T>G	Benign synonymous, SpliceAI<=0.1, PhastCons<1.0, PhyloP<0.1	6	35427525	T	G	SpliceAI masked is zero at canonical splice sites by design; Benign call is filter artifact, not evidence of safety
FANCG	NM_004629.1	c.1637-2A>T	Benign synonymous, SpliceAI<=0.1, PhastCons<1.0, PhyloP<0.1	9	35074195	T	A	SpliceAI masked is zero at canonical splice sites by design; Benign call is filter artifact, not evidence of safety
FANCG	NM_004629.1	c.1637-2A>G	Benign synonymous, SpliceAI<=0.1, PhastCons<1.0, PhyloP<0.1	9	35074195	T	C	SpliceAI masked is zero at canonical splice sites by design; Benign call is filter artifact, not evidence of safety
FANCG	NM_004629.1	c.1637-2A>C	Benign synonymous, SpliceAI<=0.1, PhastCons<1.0, PhyloP<0.1	9	35074195	T	G	SpliceAI masked is zero at canonical splice sites by design; Benign call is filter artifact, not evidence of safety
FANCG	NM_004629.1	c.85-2A>T	Benign synonymous, SpliceAI<=0.1, PhastCons<1.0, PhyloP<0.1	9	35079231	T	A	SpliceAI masked is zero at canonical splice sites by design; Benign call is filter artifact, not evidence of safety
FANCG	NM_004629.1	c.85-2A>G	Benign synonymous, SpliceAI<=0.1, PhastCons<1.0, PhyloP<0.1	9	35079231	T	C	SpliceAI masked is zero at canonical splice sites by design; Benign call is filter artifact, not evidence of safety
FANCG	NM_004629.1	c.85-2A>C	Benign synonymous, SpliceAI<=0.1, PhastCons<1.0, PhyloP<0.1	9	35079231	T	G	SpliceAI masked is zero at canonical splice sites by design; Benign call is filter artifact, not evidence of safety
FANCL	NM_001114636.1	c.692-2A>T	Benign synonymous, SpliceAI<=0.1, PhastCons<1.0, PhyloP<0.1	2	58390630	T	A	SpliceAI masked is zero at canonical splice sites by design; Benign call is filter artifact, not evidence of safety
FANCL	NM_001114636.1	c.692-2A>G	Benign synonymous, SpliceAI<=0.1, PhastCons<1.0, PhyloP<0.1	2	58390630	T	C	SpliceAI masked is zero at canonical splice sites by design; Benign call is filter artifact, not evidence of safety
FANCL	NM_001114636.1	c.692-2A>C	Benign synonymous, SpliceAI<=0.1, PhastCons<1.0, PhyloP<0.1	2	58390630	T	G	SpliceAI masked is zero at canonical splice sites by design; Benign call is filter artifact, not evidence of safety
FANCL	NM_001114636.1	c.217-1G>T	Benign synonymous, SpliceAI<=0.1, PhastCons<1.0, PhyloP<0.1	2	58453911	C	A	SpliceAI masked is zero at canonical splice sites by design; Benign call is filter artifact, not evidence of safety
FANCL	NM_001114636.1	c.217-1G>C	Benign synonymous, SpliceAI<=0.1, PhastCons<1.0, PhyloP<0.1	2	58453911	C	G	SpliceAI masked is zero at canonical splice sites by design; Benign call is filter artifact, not evidence of safety
FANCL	NM_001114636.1	c.217-1G>A	Benign synonymous, SpliceAI<=0.1, PhastCons<1.0, PhyloP<0.1	2	58453911	C	T	SpliceAI masked is zero at canonical splice sites by design; Benign call is filter artifact, not evidence of safety
FANCM	NM_020937.4	c.5088+2T>A	Benign synonymous, SpliceAI<=0.1, PhastCons<1.0, PhyloP<0.1	14	45658378	T	A	SpliceAI masked is zero at canonical splice sites by design; Benign call is filter artifact, not evidence of safety
FANCM	NM_020937.4	c.5088+2T>C	Benign synonymous, SpliceAI<=0.1, PhastCons<1.0, PhyloP<0.1	14	45658378	T	C	SpliceAI masked is zero at canonical splice sites by design; Benign call is filter artifact, not evidence of safety
FANCM	NM_020937.4	c.5088+2T>G	Benign synonymous, SpliceAI<=0.1, PhastCons<1.0, PhyloP<0.1	14	45658378	T	G	SpliceAI masked is zero at canonical splice sites by design; Benign call is filter artifact, not evidence of safety
FH	NM_000143.3	c.905-2A>T	Benign synonymous, SpliceAI<=0.1, PhastCons<1.0, PhyloP<0.1	1	241667397	T	A	SpliceAI masked is zero at canonical splice sites by design; Benign call is filter artifact, not evidence of safety
FH	NM_000143.3	c.905-2A>G	Benign synonymous, SpliceAI<=0.1, PhastCons<1.0, PhyloP<0.1	1	241667397	T	C	SpliceAI masked is zero at canonical splice sites by design; Benign call is filter artifact, not evidence of safety
FH	NM_000143.3	c.905-2A>C	Benign synonymous, SpliceAI<=0.1, PhastCons<1.0, PhyloP<0.1	1	241667397	T	G	SpliceAI masked is zero at canonical splice sites by design; Benign call is filter artifact, not evidence of safety
GREM1	NM_013372.7	c.104+1G>A	Benign synonymous, SpliceAI<=0.1, PhastCons<1.0, PhyloP<0.1	15	33022996	G	A	SpliceAI masked is zero at canonical splice sites by design; Benign call is filter artifact, not evidence of safety
GREM1	NM_013372.7	c.104+1G>C	Benign synonymous, SpliceAI<=0.1, PhastCons<1.0, PhyloP<0.1	15	33022996	G	C	SpliceAI masked is zero at canonical splice sites by design; Benign call is filter artifact, not evidence of safety
GREM1	NM_013372.7	c.104+1G>T	Benign synonymous, SpliceAI<=0.1, PhastCons<1.0, PhyloP<0.1	15	33022996	G	T	SpliceAI masked is zero at canonical splice sites by design; Benign call is filter artifact, not evidence of safety
LZTR1	NM_006767.4	c.1450-1G>A	Benign synonymous, SpliceAI<=0.1, PhastCons<1.0, PhyloP<0.1	22	21348395	G	A	SpliceAI masked is zero at canonical splice sites by design; Benign call is filter artifact, not evidence of safety
LZTR1	NM_006767.4	c.1450-1G>C	Benign synonymous, SpliceAI<=0.1, PhastCons<1.0, PhyloP<0.1	22	21348395	G	C	SpliceAI masked is zero at canonical splice sites by design; Benign call is filter artifact, not evidence of safety
LZTR1	NM_006767.4	c.1450-1G>T	Benign synonymous, SpliceAI<=0.1, PhastCons<1.0, PhyloP<0.1	22	21348395	G	T	SpliceAI masked is zero at canonical splice sites by design; Benign call is filter artifact, not evidence of safety
MBD4	NM_001276270.2	c.1612+2T>G	Benign synonymous, SpliceAI<=0.1, PhastCons<1.0, PhyloP<0.1	3	129151397	A	C	SpliceAI masked is zero at canonical splice sites by design; Benign call is filter artifact, not evidence of safety
MBD4	NM_001276270.2	c.1612+2T>C	Benign synonymous, SpliceAI<=0.1, PhastCons<1.0, PhyloP<0.1	3	129151397	A	G	SpliceAI masked is zero at canonical splice sites by design; Benign call is filter artifact, not evidence of safety
MBD4	NM_001276270.2	c.1612+2T>A	Benign synonymous, SpliceAI<=0.1, PhastCons<1.0, PhyloP<0.1	3	129151397	A	T	SpliceAI masked is zero at canonical splice sites by design; Benign call is filter artifact, not evidence of safety
MBD4	NM_001276270.2	c.247+2T>G	Benign synonymous, SpliceAI<=0.1, PhastCons<1.0, PhyloP<0.1	3	129156649	A	C	SpliceAI masked is zero at canonical splice sites by design; Benign call is filter artifact, not evidence of safety
MBD4	NM_001276270.2	c.247+2T>C	Benign synonymous, SpliceAI<=0.1, PhastCons<1.0, PhyloP<0.1	3	129156649	A	G	SpliceAI masked is zero at canonical splice sites by design; Benign call is filter artifact, not evidence of safety
MBD4	NM_001276270.2	c.247+2T>A	Benign synonymous, SpliceAI<=0.1, PhastCons<1.0, PhyloP<0.1	3	129156649	A	T	SpliceAI masked is zero at canonical splice sites by design; Benign call is filter artifact, not evidence of safety
MBD4	NM_001276270.2	c.247+1G>T	Benign synonymous, SpliceAI<=0.1, PhastCons<1.0, PhyloP<0.1	3	129156650	C	A	SpliceAI masked is zero at canonical splice sites by design; Benign call is filter artifact, not evidence of safety
MBD4	NM_001276270.2	c.247+1G>C	Benign synonymous, SpliceAI<=0.1, PhastCons<1.0, PhyloP<0.1	3	129156650	C	G	SpliceAI masked is zero at canonical splice sites by design; Benign call is filter artifact, not evidence of safety
MBD4	NM_001276270.2	c.247+1G>A	Benign synonymous, SpliceAI<=0.1, PhastCons<1.0, PhyloP<0.1	3	129156650	C	T	SpliceAI masked is zero at canonical splice sites by design; Benign call is filter artifact, not evidence of safety
MDH2	NM_005918.4	c.886-1G>A	Benign synonymous, SpliceAI<=0.1, PhastCons<1.0, PhyloP<0.1	7	75695602	G	A	SpliceAI masked is zero at canonical splice sites by design; Benign call is filter artifact, not evidence of safety
MDH2	NM_005918.4	c.886-1G>C	Benign synonymous, SpliceAI<=0.1, PhastCons<1.0, PhyloP<0.1	7	75695602	G	C	SpliceAI masked is zero at canonical splice sites by design; Benign call is filter artifact, not evidence of safety
MDH2	NM_005918.4	c.886-1G>T	Benign synonymous, SpliceAI<=0.1, PhastCons<1.0, PhyloP<0.1	7	75695602	G	T	SpliceAI masked is zero at canonical splice sites by design; Benign call is filter artifact, not evidence of safety
MITF	NM_000248.3	c.1114-2A>G	Benign synonymous, SpliceAI<=0.1, PhastCons<1.0, PhyloP<0.1	3	70014063	A	G	SpliceAI masked is zero at canonical splice sites by design; Benign call is filter artifact, not evidence of safety
MSH2	NM_000251.3	c.212-1G>A	Benign synonymous, SpliceAI<=0.1, PhastCons<1.0, PhyloP<0.1	2	47635542	G	A	SpliceAI masked is zero at canonical splice sites by design; Benign call is filter artifact, not evidence of safety
MSH2	NM_000251.3	c.212-1G>C	Benign synonymous, SpliceAI<=0.1, PhastCons<1.0, PhyloP<0.1	2	47635542	G	C	SpliceAI masked is zero at canonical splice sites by design; Benign call is filter artifact, not evidence of safety
MSH2	NM_000251.3	c.212-1G>T	Benign synonymous, SpliceAI<=0.1, PhastCons<1.0, PhyloP<0.1	2	47635542	G	T	SpliceAI masked is zero at canonical splice sites by design; Benign call is filter artifact, not evidence of safety
MSH2	NM_000251.3	c.2459-2A>C	Benign synonymous, SpliceAI<=0.1, PhastCons<1.0, PhyloP<0.1	2	47707869	A	C	SpliceAI masked is zero at canonical splice sites by design; Benign call is filter artifact, not evidence of safety
MSH2	NM_000251.3	c.2459-2A>G	Benign synonymous, SpliceAI<=0.1, PhastCons<1.0, PhyloP<0.1	2	47707869	A	G	SpliceAI masked is zero at canonical splice sites by design; Benign call is filter artifact, not evidence of safety
MSH2	NM_000251.3	c.2459-2A>T	Benign synonymous, SpliceAI<=0.1, PhastCons<1.0, PhyloP<0.1	2	47707869	A	T	SpliceAI masked is zero at canonical splice sites by design; Benign call is filter artifact, not evidence of safety
MSH6	NM_000179.2	c.237+2T>A	Benign synonymous, SpliceAI<=0.1, PhastCons<1.0, PhyloP<0.1	2	48010611	T	A	SpliceAI masked is zero at canonical splice sites by design; Benign call is filter artifact, not evidence of safety
MSH6	NM_000179.2	c.237+2T>C	Benign synonymous, SpliceAI<=0.1, PhastCons<1.0, PhyloP<0.1	2	48010611	T	C	SpliceAI masked is zero at canonical splice sites by design; Benign call is filter artifact, not evidence of safety
MSH6	NM_000179.2	c.237+2T>G	Benign synonymous, SpliceAI<=0.1, PhastCons<1.0, PhyloP<0.1	2	48010611	T	G	SpliceAI masked is zero at canonical splice sites by design; Benign call is filter artifact, not evidence of safety
MSH6	NM_000179.2	c.3173-2A>C	Benign synonymous, SpliceAI<=0.1, PhastCons<1.0, PhyloP<0.1	2	48030731	A	C	SpliceAI masked is zero at canonical splice sites by design; Benign call is filter artifact, not evidence of safety
MSH6	NM_000179.2	c.3173-2A>G	Benign synonymous, SpliceAI<=0.1, PhastCons<1.0, PhyloP<0.1	2	48030731	A	G	SpliceAI masked is zero at canonical splice sites by design; Benign call is filter artifact, not evidence of safety
MSH6	NM_000179.2	c.3173-2A>T	Benign synonymous, SpliceAI<=0.1, PhastCons<1.0, PhyloP<0.1	2	48030731	A	T	SpliceAI masked is zero at canonical splice sites by design; Benign call is filter artifact, not evidence of safety
MUTYH	NM_001128425.1	c.917-2A>T	Benign synonymous, SpliceAI<=0.1, PhastCons<1.0, PhyloP<0.1	1	45797218	T	A	SpliceAI masked is zero at canonical splice sites by design; Benign call is filter artifact, not evidence of safety
MUTYH	NM_001128425.1	c.917-2A>G	Benign synonymous, SpliceAI<=0.1, PhastCons<1.0, PhyloP<0.1	1	45797218	T	C	SpliceAI masked is zero at canonical splice sites by design; Benign call is filter artifact, not evidence of safety
MUTYH	NM_001128425.1	c.917-2A>C	Benign synonymous, SpliceAI<=0.1, PhastCons<1.0, PhyloP<0.1	1	45797218	T	G	SpliceAI masked is zero at canonical splice sites by design; Benign call is filter artifact, not evidence of safety
NBN	NM_002485.4	c.703-1G>T	Benign synonymous, SpliceAI<=0.1, PhastCons<1.0, PhyloP<0.1	8	90982780	C	A	SpliceAI masked is zero at canonical splice sites by design; Benign call is filter artifact, not evidence of safety
NBN	NM_002485.4	c.703-1G>C	Benign synonymous, SpliceAI<=0.1, PhastCons<1.0, PhyloP<0.1	8	90982780	C	G	SpliceAI masked is zero at canonical splice sites by design; Benign call is filter artifact, not evidence of safety
NBN	NM_002485.4	c.703-1G>A	Benign synonymous, SpliceAI<=0.1, PhastCons<1.0, PhyloP<0.1	8	90982780	C	T	SpliceAI masked is zero at canonical splice sites by design; Benign call is filter artifact, not evidence of safety
NTHL1	NM_002528.7	c.686-2A>T	Benign synonymous, SpliceAI<=0.1, PhastCons<1.0, PhyloP<0.1	16	2090238	T	A	SpliceAI masked is zero at canonical splice sites by design; Benign call is filter artifact, not evidence of safety
NTHL1	NM_002528.7	c.686-2A>G	Benign synonymous, SpliceAI<=0.1, PhastCons<1.0, PhyloP<0.1	16	2090238	T	C	SpliceAI masked is zero at canonical splice sites by design; Benign call is filter artifact, not evidence of safety
NTHL1	NM_002528.7	c.686-2A>C	Benign synonymous, SpliceAI<=0.1, PhastCons<1.0, PhyloP<0.1	16	2090238	T	G	SpliceAI masked is zero at canonical splice sites by design; Benign call is filter artifact, not evidence of safety
NTHL1	NM_002528.7	c.526-1G>T	Benign synonymous, SpliceAI<=0.1, PhastCons<1.0, PhyloP<0.1	16	2093722	C	A	SpliceAI masked is zero at canonical splice sites by design; Benign call is filter artifact, not evidence of safety
NTHL1	NM_002528.7	c.526-1G>C	Benign synonymous, SpliceAI<=0.1, PhastCons<1.0, PhyloP<0.1	16	2093722	C	G	SpliceAI masked is zero at canonical splice sites by design; Benign call is filter artifact, not evidence of safety
NTHL1	NM_002528.7	c.526-1G>A	Benign synonymous, SpliceAI<=0.1, PhastCons<1.0, PhyloP<0.1	16	2093722	C	T	SpliceAI masked is zero at canonical splice sites by design; Benign call is filter artifact, not evidence of safety
PMS2	NM_000535.7	c.538-1G>T	Benign synonymous, SpliceAI<=0.1, PhastCons<1.0, PhyloP<0.1	7	6038904	C	A	SpliceAI masked is zero at canonical splice sites by design; Benign call is filter artifact, not evidence of safety
PMS2	NM_000535.7	c.538-1G>C	Benign synonymous, SpliceAI<=0.1, PhastCons<1.0, PhyloP<0.1	7	6038904	C	G	SpliceAI masked is zero at canonical splice sites by design; Benign call is filter artifact, not evidence of safety
PMS2	NM_000535.7	c.538-1G>A	Benign synonymous, SpliceAI<=0.1, PhastCons<1.0, PhyloP<0.1	7	6038904	C	T	SpliceAI masked is zero at canonical splice sites by design; Benign call is filter artifact, not evidence of safety
RAD51	NM_002875.5	c.226-1G>A	Benign synonymous, SpliceAI<=0.1, PhastCons<1.0, PhyloP<0.1	15	41011083	G	A	SpliceAI masked is zero at canonical splice sites by design; Benign call is filter artifact, not evidence of safety
RAD51	NM_002875.5	c.226-1G>C	Benign synonymous, SpliceAI<=0.1, PhastCons<1.0, PhyloP<0.1	15	41011083	G	C	SpliceAI masked is zero at canonical splice sites by design; Benign call is filter artifact, not evidence of safety
RAD51	NM_002875.5	c.226-1G>T	Benign synonymous, SpliceAI<=0.1, PhastCons<1.0, PhyloP<0.1	15	41011083	G	T	SpliceAI masked is zero at canonical splice sites by design; Benign call is filter artifact, not evidence of safety
RAD51D	NM_002878.3	c.735+1G>T	Benign synonymous, SpliceAI<=0.1, PhastCons<1.0, PhyloP<0.1	17	33430275	C	A	SpliceAI masked is zero at canonical splice sites by design; Benign call is filter artifact, not evidence of safety
RAD51D	NM_002878.3	c.735+1G>C	Benign synonymous, SpliceAI<=0.1, PhastCons<1.0, PhyloP<0.1	17	33430275	C	G	SpliceAI masked is zero at canonical splice sites by design; Benign call is filter artifact, not evidence of safety
RAD51D	NM_002878.3	c.735+1G>A	Benign synonymous, SpliceAI<=0.1, PhastCons<1.0, PhyloP<0.1	17	33430275	C	T	SpliceAI masked is zero at canonical splice sites by design; Benign call is filter artifact, not evidence of safety
RECQL4	NM_004260.3	c.1484-2A>T	Benign synonymous, SpliceAI<=0.1, PhastCons<1.0, PhyloP<0.1	8	145740428	T	A	SpliceAI masked is zero at canonical splice sites by design; Benign call is filter artifact, not evidence of safety
RECQL4	NM_004260.3	c.1484-2A>G	Benign synonymous, SpliceAI<=0.1, PhastCons<1.0, PhyloP<0.1	8	145740428	T	C	SpliceAI masked is zero at canonical splice sites by design; Benign call is filter artifact, not evidence of safety
RECQL4	NM_004260.3	c.1484-2A>C	Benign synonymous, SpliceAI<=0.1, PhastCons<1.0, PhyloP<0.1	8	145740428	T	G	SpliceAI masked is zero at canonical splice sites by design; Benign call is filter artifact, not evidence of safety
RECQL4	NM_004260.3	c.355-1G>T	Benign synonymous, SpliceAI<=0.1, PhastCons<1.0, PhyloP<0.1	8	145741798	C	A	SpliceAI masked is zero at canonical splice sites by design; Benign call is filter artifact, not evidence of safety
RECQL4	NM_004260.3	c.355-1G>C	Benign synonymous, SpliceAI<=0.1, PhastCons<1.0, PhyloP<0.1	8	145741798	C	G	SpliceAI masked is zero at canonical splice sites by design; Benign call is filter artifact, not evidence of safety
RECQL4	NM_004260.3	c.355-1G>A	Benign synonymous, SpliceAI<=0.1, PhastCons<1.0, PhyloP<0.1	8	145741798	C	T	SpliceAI masked is zero at canonical splice sites by design; Benign call is filter artifact, not evidence of safety
RECQL4	NM_004260.3	c.355-2A>T	Benign synonymous, SpliceAI<=0.1, PhastCons<1.0, PhyloP<0.1	8	145741799	T	A	SpliceAI masked is zero at canonical splice sites by design; Benign call is filter artifact, not evidence of safety
RECQL4	NM_004260.3	c.355-2A>G	Benign synonymous, SpliceAI<=0.1, PhastCons<1.0, PhyloP<0.1	8	145741799	T	C	SpliceAI masked is zero at canonical splice sites by design; Benign call is filter artifact, not evidence of safety
RECQL4	NM_004260.3	c.355-2A>C	Benign synonymous, SpliceAI<=0.1, PhastCons<1.0, PhyloP<0.1	8	145741799	T	G	SpliceAI masked is zero at canonical splice sites by design; Benign call is filter artifact, not evidence of safety
REST	NM_005612.5	c.301+2T>A	Benign synonymous, SpliceAI<=0.1, PhastCons<1.0, PhyloP<0.1	4	57777107	T	A	SpliceAI masked is zero at canonical splice sites by design; Benign call is filter artifact, not evidence of safety
REST	NM_005612.5	c.301+2T>C	Benign synonymous, SpliceAI<=0.1, PhastCons<1.0, PhyloP<0.1	4	57777107	T	C	SpliceAI masked is zero at canonical splice sites by design; Benign call is filter artifact, not evidence of safety
REST	NM_005612.5	c.301+2T>G	Benign synonymous, SpliceAI<=0.1, PhastCons<1.0, PhyloP<0.1	4	57777107	T	G	SpliceAI masked is zero at canonical splice sites by design; Benign call is filter artifact, not evidence of safety
REST	NM_005612.5	c.302-2A>C	Benign synonymous, SpliceAI<=0.1, PhastCons<1.0, PhyloP<0.1	4	57777500	A	C	SpliceAI masked is zero at canonical splice sites by design; Benign call is filter artifact, not evidence of safety
REST	NM_005612.5	c.302-2A>G	Benign synonymous, SpliceAI<=0.1, PhastCons<1.0, PhyloP<0.1	4	57777500	A	G	SpliceAI masked is zero at canonical splice sites by design; Benign call is filter artifact, not evidence of safety
REST	NM_005612.5	c.302-2A>T	Benign synonymous, SpliceAI<=0.1, PhastCons<1.0, PhyloP<0.1	4	57777500	A	T	SpliceAI masked is zero at canonical splice sites by design; Benign call is filter artifact, not evidence of safety
REST	NM_005612.5	c.587-2A>C	Benign synonymous, SpliceAI<=0.1, PhastCons<1.0, PhyloP<0.1	4	57797958	A	C	SpliceAI masked is zero at canonical splice sites by design; Benign call is filter artifact, not evidence of safety
REST	NM_005612.5	c.587-2A>G	Benign synonymous, SpliceAI<=0.1, PhastCons<1.0, PhyloP<0.1	4	57797958	A	G	SpliceAI masked is zero at canonical splice sites by design; Benign call is filter artifact, not evidence of safety
REST	NM_005612.5	c.587-2A>T	Benign synonymous, SpliceAI<=0.1, PhastCons<1.0, PhyloP<0.1	4	57797958	A	T	SpliceAI masked is zero at canonical splice sites by design; Benign call is filter artifact, not evidence of safety
REST	NM_005612.5	c.587-1G>A	Benign synonymous, SpliceAI<=0.1, PhastCons<1.0, PhyloP<0.1	4	57797959	G	A	SpliceAI masked is zero at canonical splice sites by design; Benign call is filter artifact, not evidence of safety
REST	NM_005612.5	c.587-1G>C	Benign synonymous, SpliceAI<=0.1, PhastCons<1.0, PhyloP<0.1	4	57797959	G	C	SpliceAI masked is zero at canonical splice sites by design; Benign call is filter artifact, not evidence of safety
REST	NM_005612.5	c.587-1G>T	Benign synonymous, SpliceAI<=0.1, PhastCons<1.0, PhyloP<0.1	4	57797959	G	T	SpliceAI masked is zero at canonical splice sites by design; Benign call is filter artifact, not evidence of safety
SBDS	NM_016038.4	c.251-2A>T	Benign synonymous, SpliceAI<=0.1, PhastCons<1.0, PhyloP<0.1	7	66458315	T	A	SpliceAI masked is zero at canonical splice sites by design; Benign call is filter artifact, not evidence of safety
SBDS	NM_016038.4	c.251-2A>G	Benign synonymous, SpliceAI<=0.1, PhastCons<1.0, PhyloP<0.1	7	66458315	T	C	SpliceAI masked is zero at canonical splice sites by design; Benign call is filter artifact, not evidence of safety
SBDS	NM_016038.4	c.251-2A>C	Benign synonymous, SpliceAI<=0.1, PhastCons<1.0, PhyloP<0.1	7	66458315	T	G	SpliceAI masked is zero at canonical splice sites by design; Benign call is filter artifact, not evidence of safety
SDHA	NM_004168.4	c.60+1G>A	Benign synonymous, SpliceAI<=0.1, PhastCons<1.0, PhyloP<0.1	5	218531	G	A	SpliceAI masked is zero at canonical splice sites by design; Benign call is filter artifact, not evidence of safety
SDHA	NM_004168.4	c.60+1G>C	Benign synonymous, SpliceAI<=0.1, PhastCons<1.0, PhyloP<0.1	5	218531	G	C	SpliceAI masked is zero at canonical splice sites by design; Benign call is filter artifact, not evidence of safety
SDHA	NM_004168.4	c.60+1G>T	Benign synonymous, SpliceAI<=0.1, PhastCons<1.0, PhyloP<0.1	5	218531	G	T	SpliceAI masked is zero at canonical splice sites by design; Benign call is filter artifact, not evidence of safety
SDHA	NM_004168.4	c.60+2C>A	Benign synonymous, SpliceAI<=0.1, PhastCons<1.0, PhyloP<0.1	5	218532	C	A	SpliceAI masked is zero at canonical splice sites by design; Benign call is filter artifact, not evidence of safety
SDHA	NM_004168.4	c.60+2C>G	Benign synonymous, SpliceAI<=0.1, PhastCons<1.0, PhyloP<0.1	5	218532	C	G	SpliceAI masked is zero at canonical splice sites by design; Benign call is filter artifact, not evidence of safety
SDHA	NM_004168.4	c.896-2A>C	Benign synonymous, SpliceAI<=0.1, PhastCons<1.0, PhyloP<0.1	5	233641	A	C	SpliceAI masked is zero at canonical splice sites by design; Benign call is filter artifact, not evidence of safety
SDHA	NM_004168.4	c.896-2A>G	Benign synonymous, SpliceAI<=0.1, PhastCons<1.0, PhyloP<0.1	5	233641	A	G	SpliceAI masked is zero at canonical splice sites by design; Benign call is filter artifact, not evidence of safety
SDHA	NM_004168.4	c.896-2A>T	Benign synonymous, SpliceAI<=0.1, PhastCons<1.0, PhyloP<0.1	5	233641	A	T	SpliceAI masked is zero at canonical splice sites by design; Benign call is filter artifact, not evidence of safety
SDHAF2	NM_017841.2	c.109+2T>A	Benign synonymous, SpliceAI<=0.1, PhastCons<1.0, PhyloP<0.1	11	61205171	T	A	SpliceAI masked is zero at canonical splice sites by design; Benign call is filter artifact, not evidence of safety
SDHAF2	NM_017841.2	c.109+2T>C	Benign synonymous, SpliceAI<=0.1, PhastCons<1.0, PhyloP<0.1	11	61205171	T	C	SpliceAI masked is zero at canonical splice sites by design; Benign call is filter artifact, not evidence of safety
SDHAF2	NM_017841.2	c.109+2T>G	Benign synonymous, SpliceAI<=0.1, PhastCons<1.0, PhyloP<0.1	11	61205171	T	G	SpliceAI masked is zero at canonical splice sites by design; Benign call is filter artifact, not evidence of safety
SDHAF2	NM_017841.2	c.337+2T>A	Benign synonymous, SpliceAI<=0.1, PhastCons<1.0, PhyloP<0.1	11	61205554	T	A	SpliceAI masked is zero at canonical splice sites by design; Benign call is filter artifact, not evidence of safety
SDHAF2	NM_017841.2	c.337+2T>C	Benign synonymous, SpliceAI<=0.1, PhastCons<1.0, PhyloP<0.1	11	61205554	T	C	SpliceAI masked is zero at canonical splice sites by design; Benign call is filter artifact, not evidence of safety
SDHAF2	NM_017841.2	c.337+2T>G	Benign synonymous, SpliceAI<=0.1, PhastCons<1.0, PhyloP<0.1	11	61205554	T	G	SpliceAI masked is zero at canonical splice sites by design; Benign call is filter artifact, not evidence of safety
SDHC	NM_003001.3	c.139+2T>A	Benign synonymous, SpliceAI<=0.1, PhastCons<1.0, PhyloP<0.1	1	161298249	T	A	SpliceAI masked is zero at canonical splice sites by design; Benign call is filter artifact, not evidence of safety
SDHC	NM_003001.3	c.139+2T>C	Benign synonymous, SpliceAI<=0.1, PhastCons<1.0, PhyloP<0.1	1	161298249	T	C	SpliceAI masked is zero at canonical splice sites by design; Benign call is filter artifact, not evidence of safety
SDHC	NM_003001.3	c.139+2T>G	Benign synonymous, SpliceAI<=0.1, PhastCons<1.0, PhyloP<0.1	1	161298249	T	G	SpliceAI masked is zero at canonical splice sites by design; Benign call is filter artifact, not evidence of safety
SDHD	NM_003002.4	c.53-2A>C	Benign synonymous, SpliceAI<=0.1, PhastCons<1.0, PhyloP<0.1	11	111958600	A	C	SpliceAI masked is zero at canonical splice sites by design; Benign call is filter artifact, not evidence of safety
SDHD	NM_003002.4	c.53-2A>G	Benign synonymous, SpliceAI<=0.1, PhastCons<1.0, PhyloP<0.1	11	111958600	A	G	SpliceAI masked is zero at canonical splice sites by design; Benign call is filter artifact, not evidence of safety
SDHD	NM_003002.4	c.53-2A>T	Benign synonymous, SpliceAI<=0.1, PhastCons<1.0, PhyloP<0.1	11	111958600	A	T	SpliceAI masked is zero at canonical splice sites by design; Benign call is filter artifact, not evidence of safety
SDHD	NM_003002.4	c.307+2T>A	Benign synonymous, SpliceAI<=0.1, PhastCons<1.0, PhyloP<0.1	11	111959730	T	A	SpliceAI masked is zero at canonical splice sites by design; Benign call is filter artifact, not evidence of safety
SDHD	NM_003002.4	c.307+2T>C	Benign synonymous, SpliceAI<=0.1, PhastCons<1.0, PhyloP<0.1	11	111959730	T	C	SpliceAI masked is zero at canonical splice sites by design; Benign call is filter artifact, not evidence of safety
SDHD	NM_003002.4	c.307+2T>G	Benign synonymous, SpliceAI<=0.1, PhastCons<1.0, PhyloP<0.1	11	111959730	T	G	SpliceAI masked is zero at canonical splice sites by design; Benign call is filter artifact, not evidence of safety
SMAD4	NM_005359.6	c.1448-2A>C	Benign synonymous, SpliceAI<=0.1, PhastCons<1.0, PhyloP<0.1	18	48604633	A	C	SpliceAI masked is zero at canonical splice sites by design; Benign call is filter artifact, not evidence of safety
SMAD4	NM_005359.6	c.1448-2A>G	Benign synonymous, SpliceAI<=0.1, PhastCons<1.0, PhyloP<0.1	18	48604633	A	G	SpliceAI masked is zero at canonical splice sites by design; Benign call is filter artifact, not evidence of safety
SMAD4	NM_005359.6	c.1448-2A>T	Benign synonymous, SpliceAI<=0.1, PhastCons<1.0, PhyloP<0.1	18	48604633	A	T	SpliceAI masked is zero at canonical splice sites by design; Benign call is filter artifact, not evidence of safety
SMARCA4	NM_001128849.2	c.589-1G>C	Benign synonymous, SpliceAI<=0.1, PhastCons<1.0, PhyloP<0.1	19	11098451	G	C	SpliceAI masked is zero at canonical splice sites by design; Benign call is filter artifact, not evidence of safety
SMARCA4	NM_001128849.2	c.589-1G>T	Benign synonymous, SpliceAI<=0.1, PhastCons<1.0, PhyloP<0.1	19	11098451	G	T	SpliceAI masked is zero at canonical splice sites by design; Benign call is filter artifact, not evidence of safety
SMARCA4	NM_001128849.2	c.2002-1G>A	Benign synonymous, SpliceAI<=0.1, PhastCons<1.0, PhyloP<0.1	19	11118586	G	A	SpliceAI masked is zero at canonical splice sites by design; Benign call is filter artifact, not evidence of safety
SMARCA4	NM_001128849.2	c.2002-1G>C	Benign synonymous, SpliceAI<=0.1, PhastCons<1.0, PhyloP<0.1	19	11118586	G	C	SpliceAI masked is zero at canonical splice sites by design; Benign call is filter artifact, not evidence of safety
SMARCA4	NM_001128849.2	c.2002-1G>T	Benign synonymous, SpliceAI<=0.1, PhastCons<1.0, PhyloP<0.1	19	11118586	G	T	SpliceAI masked is zero at canonical splice sites by design; Benign call is filter artifact, not evidence of safety
TINF2	NM_001099274.3	c.1062-1G>T	Benign synonymous, SpliceAI<=0.1, PhastCons<1.0, PhyloP<0.1	14	24709483	C	A	SpliceAI masked is zero at canonical splice sites by design; Benign call is filter artifact, not evidence of safety
TINF2	NM_001099274.3	c.1062-1G>C	Benign synonymous, SpliceAI<=0.1, PhastCons<1.0, PhyloP<0.1	14	24709483	C	G	SpliceAI masked is zero at canonical splice sites by design; Benign call is filter artifact, not evidence of safety
TINF2	NM_001099274.3	c.1062-1G>A	Benign synonymous, SpliceAI<=0.1, PhastCons<1.0, PhyloP<0.1	14	24709483	C	T	SpliceAI masked is zero at canonical splice sites by design; Benign call is filter artifact, not evidence of safety
TINF2	NM_001099274.3	c.980+1G>T	Benign synonymous, SpliceAI<=0.1, PhastCons<1.0, PhyloP<0.1	14	24709705	C	A	SpliceAI masked is zero at canonical splice sites by design; Benign call is filter artifact, not evidence of safety
TINF2	NM_001099274.3	c.980+1G>C	Benign synonymous, SpliceAI<=0.1, PhastCons<1.0, PhyloP<0.1	14	24709705	C	G	SpliceAI masked is zero at canonical splice sites by design; Benign call is filter artifact, not evidence of safety
TINF2	NM_001099274.3	c.980+1G>A	Benign synonymous, SpliceAI<=0.1, PhastCons<1.0, PhyloP<0.1	14	24709705	C	T	SpliceAI masked is zero at canonical splice sites by design; Benign call is filter artifact, not evidence of safety
TP53	NM_000546.5	c.783-1G>T	Benign synonymous, SpliceAI<=0.1, PhastCons<1.0, PhyloP<0.1	17	7577159	C	A	SpliceAI masked is zero at canonical splice sites by design; Benign call is filter artifact, not evidence of safety
TP53	NM_000546.5	c.783-1G>C	Benign synonymous, SpliceAI<=0.1, PhastCons<1.0, PhyloP<0.1	17	7577159	C	G	SpliceAI masked is zero at canonical splice sites by design; Benign call is filter artifact, not evidence of safety
TP53	NM_000546.5	c.783-1G>A	Benign synonymous, SpliceAI<=0.1, PhastCons<1.0, PhyloP<0.1	17	7577159	C	T	SpliceAI masked is zero at canonical splice sites by design; Benign call is filter artifact, not evidence of safety
TRIM28	NM_005762.3	c.587-2A>C	Benign synonymous, SpliceAI<=0.1, PhastCons<1.0, PhyloP<0.1	19	59058747	A	C	SpliceAI masked is zero at canonical splice sites by design; Benign call is filter artifact, not evidence of safety
TRIM28	NM_005762.3	c.587-2A>G	Benign synonymous, SpliceAI<=0.1, PhastCons<1.0, PhyloP<0.1	19	59058747	A	G	SpliceAI masked is zero at canonical splice sites by design; Benign call is filter artifact, not evidence of safety
TRIM28	NM_005762.3	c.587-2A>T	Benign synonymous, SpliceAI<=0.1, PhastCons<1.0, PhyloP<0.1	19	59058747	A	T	SpliceAI masked is zero at canonical splice sites by design; Benign call is filter artifact, not evidence of safety
TRIM28	NM_005762.3	c.829-1G>A	Benign synonymous, SpliceAI<=0.1, PhastCons<1.0, PhyloP<0.1	19	59059168	G	A	SpliceAI masked is zero at canonical splice sites by design; Benign call is filter artifact, not evidence of safety
TRIM28	NM_005762.3	c.955-1G>C	Benign synonymous, SpliceAI<=0.1, PhastCons<1.0, PhyloP<0.1	19	59059403	G	C	SpliceAI masked is zero at canonical splice sites by design; Benign call is filter artifact, not evidence of safety
TRIM28	NM_005762.3	c.955-1G>T	Benign synonymous, SpliceAI<=0.1, PhastCons<1.0, PhyloP<0.1	19	59059403	G	T	SpliceAI masked is zero at canonical splice sites by design; Benign call is filter artifact, not evidence of safety
UBE2T	NM_014176.4	c.110-2A>T	Benign synonymous, SpliceAI<=0.1, PhastCons<1.0, PhyloP<0.1	1	202304179	T	A	SpliceAI masked is zero at canonical splice sites by design; Benign call is filter artifact, not evidence of safety
UBE2T	NM_014176.4	c.110-2A>G	Benign synonymous, SpliceAI<=0.1, PhastCons<1.0, PhyloP<0.1	1	202304179	T	C	SpliceAI masked is zero at canonical splice sites by design; Benign call is filter artifact, not evidence of safety
UBE2T	NM_014176.4	c.110-2A>C	Benign synonymous, SpliceAI<=0.1, PhastCons<1.0, PhyloP<0.1	1	202304179	T	G	SpliceAI masked is zero at canonical splice sites by design; Benign call is filter artifact, not evidence of safety
VHL	NM_000551.3	c.36+2T>A	Benign synonymous, SpliceAI<=0.1, PhastCons<1.0, PhyloP<0.1	3	10183569	T	A	SpliceAI masked is zero at canonical splice sites by design; Benign call is filter artifact, not evidence of safety
VHL	NM_000551.3	c.36+2T>C	Benign synonymous, SpliceAI<=0.1, PhastCons<1.0, PhyloP<0.1	3	10183569	T	C	SpliceAI masked is zero at canonical splice sites by design; Benign call is filter artifact, not evidence of safety
VHL	NM_000551.3	c.36+2T>G	Benign synonymous, SpliceAI<=0.1, PhastCons<1.0, PhyloP<0.1	3	10183569	T	G	SpliceAI masked is zero at canonical splice sites by design; Benign call is filter artifact, not evidence of safety
WRN	NM_000553.6	c.3820-1G>A	Benign synonymous, SpliceAI<=0.1, PhastCons<1.0, PhyloP<0.1	8	31014886	G	A	SpliceAI masked is zero at canonical splice sites by design; Benign call is filter artifact, not evidence of safety
WRN	NM_000553.6	c.4173+2T>A	Benign synonymous, SpliceAI<=0.1, PhastCons<1.0, PhyloP<0.1	8	31024730	T	A	SpliceAI masked is zero at canonical splice sites by design; Benign call is filter artifact, not evidence of safety
WRN	NM_000553.6	c.4173+2T>C	Benign synonymous, SpliceAI<=0.1, PhastCons<1.0, PhyloP<0.1	8	31024730	T	C	SpliceAI masked is zero at canonical splice sites by design; Benign call is filter artifact, not evidence of safety
WRN	NM_000553.6	c.4173+2T>G	Benign synonymous, SpliceAI<=0.1, PhastCons<1.0, PhyloP<0.1	8	31024730	T	G	SpliceAI masked is zero at canonical splice sites by design; Benign call is filter artifact, not evidence of safety
XPC	NM_004628.4	c.1972-1G>T	Benign synonymous, SpliceAI<=0.1, PhastCons<1.0, PhyloP<0.1	3	14190106	C	A	SpliceAI masked is zero at canonical splice sites by design; Benign call is filter artifact, not evidence of safety
XPC	NM_004628.4	c.1972-1G>C	Benign synonymous, SpliceAI<=0.1, PhastCons<1.0, PhyloP<0.1	3	14190106	C	G	SpliceAI masked is zero at canonical splice sites by design; Benign call is filter artifact, not evidence of safety
XPC	NM_004628.4	c.1972-1G>A	Benign synonymous, SpliceAI<=0.1, PhastCons<1.0, PhyloP<0.1	3	14190106	C	T	SpliceAI masked is zero at canonical splice sites by design; Benign call is filter artifact, not evidence of safety
XPC	NM_004628.4	c.2034-1G>T	Benign synonymous, SpliceAI<=0.1, PhastCons<1.0, PhyloP<0.1	3	14193890	C	A	SpliceAI masked is zero at canonical splice sites by design; Benign call is filter artifact, not evidence of safety
XPC	NM_004628.4	c.2034-1G>C	Benign synonymous, SpliceAI<=0.1, PhastCons<1.0, PhyloP<0.1	3	14193890	C	G	SpliceAI masked is zero at canonical splice sites by design; Benign call is filter artifact, not evidence of safety
XPC	NM_004628.4	c.2034-1G>A	Benign synonymous, SpliceAI<=0.1, PhastCons<1.0, PhyloP<0.1	3	14193890	C	T	SpliceAI masked is zero at canonical splice sites by design; Benign call is filter artifact, not evidence of safety
XPC	NM_004628.4	c.1626+1G>T	Benign synonymous, SpliceAI<=0.1, PhastCons<1.0, PhyloP<0.1	3	14199756	C	A	SpliceAI masked is zero at canonical splice sites by design; Benign call is filter artifact, not evidence of safety
XPC	NM_004628.4	c.1626+1G>C	Benign synonymous, SpliceAI<=0.1, PhastCons<1.0, PhyloP<0.1	3	14199756	C	G	SpliceAI masked is zero at canonical splice sites by design; Benign call is filter artifact, not evidence of safety
XPC	NM_004628.4	c.1626+1G>A	Benign synonymous, SpliceAI<=0.1, PhastCons<1.0, PhyloP<0.1	3	14199756	C	T	SpliceAI masked is zero at canonical splice sites by design; Benign call is filter artifact, not evidence of safety
XPC	NM_004628.4	c.85+2T>G	Benign synonymous, SpliceAI<=0.1, PhastCons<1.0, PhyloP<0.1	3	14219982	A	C	SpliceAI masked is zero at canonical splice sites by design; Benign call is filter artifact, not evidence of safety
XPC	NM_004628.4	c.85+2T>C	Benign synonymous, SpliceAI<=0.1, PhastCons<1.0, PhyloP<0.1	3	14219982	A	G	SpliceAI masked is zero at canonical splice sites by design; Benign call is filter artifact, not evidence of safety
XPC	NM_004628.4	c.85+2T>A	Benign synonymous, SpliceAI<=0.1, PhastCons<1.0, PhyloP<0.1	3	14219982	A	T	SpliceAI masked is zero at canonical splice sites by design; Benign call is filter artifact, not evidence of safety
XPC	NM_004628.4	c.85+1G>T	Benign synonymous, SpliceAI<=0.1, PhastCons<1.0, PhyloP<0.1	3	14219983	C	A	SpliceAI masked is zero at canonical splice sites by design; Benign call is filter artifact, not evidence of safety
XPC	NM_004628.4	c.85+1G>C	Benign synonymous, SpliceAI<=0.1, PhastCons<1.0, PhyloP<0.1	3	14219983	C	G	SpliceAI masked is zero at canonical splice sites by design; Benign call is filter artifact, not evidence of safety
XPC	NM_004628.4	c.85+1G>A	Benign synonymous, SpliceAI<=0.1, PhastCons<1.0, PhyloP<0.1	3	14219983	C	T	SpliceAI masked is zero at canonical splice sites by design; Benign call is filter artifact, not evidence of safety
